# carapace_shell -- Spyder-v0 visual shell, generated by make_spyder_mesh.py
# visual only: MuJoCo collides the capsules in spyder12.xml, not this mesh
v -0.093960 0.226838 -0.100000
v -0.127599 0.235625 -0.070000
v -0.076386 0.256839 -0.070000
v -0.108327 0.233274 -0.095559
v -0.088350 0.241548 -0.095559
v -0.101063 0.243989 -0.092227
v -0.112845 0.245981 -0.070000
v -0.120492 0.236451 -0.084710
v -0.108822 0.245411 -0.084256
v -0.081995 0.252397 -0.084710
v -0.094141 0.253729 -0.070000
v -0.096583 0.250481 -0.084256
v -0.093960 0.226838 0.100000
v -0.076386 0.256839 0.070000
v -0.127599 0.235625 0.070000
v -0.088350 0.241548 0.095559
v -0.108327 0.233274 0.095559
v -0.101063 0.243989 0.092227
v -0.094141 0.253729 0.070000
v -0.081995 0.252397 0.084710
v -0.096583 0.250481 0.084256
v -0.120492 0.236451 0.084710
v -0.112845 0.245981 0.070000
v -0.108822 0.245411 0.084256
v 0.093960 0.226839 -0.100000
v 0.076386 0.256839 -0.070000
v 0.127599 0.235625 -0.070000
v 0.088350 0.241548 -0.095559
v 0.108327 0.233274 -0.095559
v 0.101063 0.243989 -0.092227
v 0.094141 0.253729 -0.070000
v 0.081995 0.252397 -0.084710
v 0.096583 0.250481 -0.084256
v 0.120492 0.236451 -0.084710
v 0.112845 0.245981 -0.070000
v 0.108822 0.245411 -0.084256
v 0.093960 0.226839 0.100000
v 0.127599 0.235625 0.070000
v 0.076386 0.256839 0.070000
v 0.108327 0.233274 0.095559
v 0.088350 0.241548 0.095559
v 0.101063 0.243989 0.092227
v 0.112845 0.245981 0.070000
v 0.120492 0.236451 0.084710
v 0.108822 0.245411 0.084256
v 0.081995 0.252397 0.084710
v 0.094141 0.253729 0.070000
v 0.096583 0.250481 0.084256
v 0.226838 0.093960 -0.100000
v 0.235625 0.127599 -0.070000
v 0.256839 0.076386 -0.070000
v 0.233274 0.108327 -0.095559
v 0.241548 0.088350 -0.095559
v 0.243989 0.101063 -0.092227
v 0.245981 0.112845 -0.070000
v 0.236451 0.120492 -0.084710
v 0.245411 0.108822 -0.084256
v 0.252397 0.081995 -0.084710
v 0.253729 0.094141 -0.070000
v 0.250481 0.096583 -0.084256
v 0.226838 0.093960 0.100000
v 0.256839 0.076386 0.070000
v 0.235625 0.127599 0.070000
v 0.241548 0.088350 0.095559
v 0.233274 0.108327 0.095559
v 0.243989 0.101063 0.092227
v 0.253729 0.094141 0.070000
v 0.252397 0.081995 0.084710
v 0.250481 0.096583 0.084256
v 0.236451 0.120492 0.084710
v 0.245981 0.112845 0.070000
v 0.245411 0.108822 0.084256
v 0.226839 -0.093960 -0.100000
v 0.256839 -0.076386 -0.070000
v 0.235625 -0.127599 -0.070000
v 0.241548 -0.088350 -0.095559
v 0.233274 -0.108327 -0.095559
v 0.243989 -0.101063 -0.092227
v 0.253729 -0.094141 -0.070000
v 0.252397 -0.081995 -0.084710
v 0.250481 -0.096583 -0.084256
v 0.236451 -0.120492 -0.084710
v 0.245981 -0.112845 -0.070000
v 0.245411 -0.108822 -0.084256
v 0.226839 -0.093960 0.100000
v 0.235625 -0.127599 0.070000
v 0.256839 -0.076386 0.070000
v 0.233274 -0.108327 0.095559
v 0.241548 -0.088350 0.095559
v 0.243989 -0.101063 0.092227
v 0.245981 -0.112845 0.070000
v 0.236451 -0.120492 0.084710
v 0.245411 -0.108822 0.084256
v 0.252397 -0.081995 0.084710
v 0.253729 -0.094141 0.070000
v 0.250481 -0.096583 0.084256
v 0.093960 -0.226838 -0.100000
v 0.127599 -0.235625 -0.070000
v 0.076386 -0.256839 -0.070000
v 0.108327 -0.233274 -0.095559
v 0.088350 -0.241548 -0.095559
v 0.101063 -0.243989 -0.092227
v 0.112845 -0.245981 -0.070000
v 0.120492 -0.236451 -0.084710
v 0.108822 -0.245411 -0.084256
v 0.081995 -0.252397 -0.084710
v 0.094141 -0.253729 -0.070000
v 0.096583 -0.250481 -0.084256
v 0.093960 -0.226838 0.100000
v 0.076386 -0.256839 0.070000
v 0.127599 -0.235625 0.070000
v 0.088350 -0.241548 0.095559
v 0.108327 -0.233274 0.095559
v 0.101063 -0.243989 0.092227
v 0.094141 -0.253729 0.070000
v 0.081995 -0.252397 0.084710
v 0.096583 -0.250481 0.084256
v 0.120492 -0.236451 0.084710
v 0.112845 -0.245981 0.070000
v 0.108822 -0.245411 0.084256
v -0.093960 -0.226839 -0.100000
v -0.076386 -0.256839 -0.070000
v -0.127599 -0.235625 -0.070000
v -0.088350 -0.241548 -0.095559
v -0.108327 -0.233274 -0.095559
v -0.101063 -0.243989 -0.092227
v -0.094141 -0.253729 -0.070000
v -0.081995 -0.252397 -0.084710
v -0.096583 -0.250481 -0.084256
v -0.120492 -0.236451 -0.084710
v -0.112845 -0.245981 -0.070000
v -0.108822 -0.245411 -0.084256
v -0.093960 -0.226839 0.100000
v -0.127599 -0.235625 0.070000
v -0.076386 -0.256839 0.070000
v -0.108327 -0.233274 0.095559
v -0.088350 -0.241548 0.095559
v -0.101063 -0.243989 0.092227
v -0.112845 -0.245981 0.070000
v -0.120492 -0.236451 0.084710
v -0.108822 -0.245411 0.084256
v -0.081995 -0.252397 0.084710
v -0.094141 -0.253729 0.070000
v -0.096583 -0.250481 0.084256
v -0.226838 -0.093960 -0.100000
v -0.235625 -0.127599 -0.070000
v -0.256839 -0.076386 -0.070000
v -0.233274 -0.108327 -0.095559
v -0.241548 -0.088350 -0.095559
v -0.243989 -0.101063 -0.092227
v -0.245981 -0.112845 -0.070000
v -0.236451 -0.120492 -0.084710
v -0.245411 -0.108822 -0.084256
v -0.252397 -0.081995 -0.084710
v -0.253729 -0.094141 -0.070000
v -0.250481 -0.096583 -0.084256
v -0.226838 -0.093960 0.100000
v -0.256839 -0.076386 0.070000
v -0.235625 -0.127599 0.070000
v -0.241548 -0.088350 0.095559
v -0.233274 -0.108327 0.095559
v -0.243989 -0.101063 0.092227
v -0.253729 -0.094141 0.070000
v -0.252397 -0.081995 0.084710
v -0.250481 -0.096583 0.084256
v -0.236451 -0.120492 0.084710
v -0.245981 -0.112845 0.070000
v -0.245411 -0.108822 0.084256
v -0.226839 0.093960 -0.100000
v -0.256839 0.076386 -0.070000
v -0.235625 0.127599 -0.070000
v -0.241548 0.088350 -0.095559
v -0.233274 0.108327 -0.095559
v -0.243989 0.101063 -0.092227
v -0.253729 0.094141 -0.070000
v -0.252397 0.081995 -0.084710
v -0.250481 0.096583 -0.084256
v -0.236451 0.120492 -0.084710
v -0.245981 0.112845 -0.070000
v -0.245411 0.108822 -0.084256
v -0.226839 0.093960 0.100000
v -0.235625 0.127599 0.070000
v -0.256839 0.076386 0.070000
v -0.233274 0.108327 0.095559
v -0.241548 0.088350 0.095559
v -0.243989 0.101063 0.092227
v -0.245981 0.112845 0.070000
v -0.236451 0.120492 0.084710
v -0.245411 0.108822 0.084256
v -0.252397 0.081995 0.084710
v -0.253729 0.094141 0.070000
v -0.250481 0.096583 0.084256
v 0.000000 0.000000 0.169800
v 0.000000 0.102500 0.154420
v 0.000000 0.144957 0.136176
v 0.000000 0.177535 0.112400
v 0.000000 0.198015 0.084712
v 0.000000 0.205000 0.055000
v 0.000000 0.198015 0.025288
v 0.000000 0.177535 -0.002400
v 0.000000 0.144957 -0.026176
v 0.000000 0.053058 -0.055888
v 0.000000 0.000000 -0.059800
v 0.010351 0.052038 0.165888
v 0.019997 0.100530 0.154420
v 0.028280 0.142172 0.136176
v 0.034635 0.174124 0.112400
v 0.038631 0.194210 0.084712
v 0.039994 0.201061 0.055000
v 0.038631 0.194210 0.025288
v 0.034635 0.174124 -0.002400
v 0.028280 0.142172 -0.026176
v 0.019997 0.100530 -0.044420
v 0.010351 0.052038 -0.055888
v 0.020304 0.049019 0.165888
v 0.039225 0.094698 0.154420
v 0.055473 0.133923 0.136176
v 0.067940 0.164021 0.112400
v 0.075777 0.182942 0.084712
v 0.078450 0.189395 0.055000
v 0.075777 0.182942 0.025288
v 0.067940 0.164021 -0.002400
v 0.055473 0.133923 -0.026176
v 0.039225 0.094698 -0.044420
v 0.020304 0.049019 -0.055888
v 0.029477 0.044116 0.165888
v 0.056946 0.085226 0.154420
v 0.080534 0.120527 0.136176
v 0.098633 0.147615 0.112400
v 0.110011 0.164643 0.084712
v 0.113892 0.170451 0.055000
v 0.110011 0.164643 0.025288
v 0.098633 0.147615 -0.002400
v 0.080534 0.120527 -0.026176
v 0.056946 0.085226 -0.044420
v 0.029477 0.044116 -0.055888
v 0.037518 0.037518 0.165888
v 0.072478 0.072478 0.154420
v 0.102500 0.102500 0.136176
v 0.125536 0.125536 0.112400
v 0.140018 0.140018 0.084712
v 0.144957 0.144957 0.055000
v 0.140018 0.140018 0.025288
v 0.125536 0.125536 -0.002400
v 0.102500 0.102500 -0.026176
v 0.072478 0.072478 -0.044420
v 0.037518 0.037518 -0.055888
v 0.044116 0.029477 0.165888
v 0.085226 0.056946 0.154420
v 0.120527 0.080534 0.136176
v 0.147615 0.098633 0.112400
v 0.164643 0.110011 0.084712
v 0.170451 0.113892 0.055000
v 0.164643 0.110011 0.025288
v 0.147615 0.098633 -0.002400
v 0.120527 0.080534 -0.026176
v 0.085226 0.056946 -0.044420
v 0.044116 0.029477 -0.055888
v 0.049019 0.020304 0.165888
v 0.094698 0.039225 0.154420
v 0.133923 0.055473 0.136176
v 0.164021 0.067940 0.112400
v 0.182942 0.075777 0.084712
v 0.189395 0.078450 0.055000
v 0.182942 0.075777 0.025288
v 0.164021 0.067940 -0.002400
v 0.133923 0.055473 -0.026176
v 0.094698 0.039225 -0.044420
v 0.049019 0.020304 -0.055888
v 0.052038 0.010351 0.165888
v 0.100530 0.019997 0.154420
v 0.142172 0.028280 0.136176
v 0.174124 0.034635 0.112400
v 0.194210 0.038631 0.084712
v 0.201061 0.039993 0.055000
v 0.194210 0.038631 0.025288
v 0.174124 0.034635 -0.002400
v 0.142172 0.028280 -0.026176
v 0.100530 0.019997 -0.044420
v 0.052038 0.010351 -0.055888
v 0.053058 0.000000 0.165888
v 0.102500 -0.000000 0.154420
v 0.144957 -0.000000 0.136176
v 0.177535 -0.000000 0.112400
v 0.198015 -0.000000 0.084712
v 0.205000 -0.000000 0.055000
v 0.198015 -0.000000 0.025288
v 0.177535 -0.000000 -0.002400
v 0.144957 -0.000000 -0.026176
v 0.102500 -0.000000 -0.044420
v 0.053058 0.000000 -0.055888
v 0.052038 -0.010351 0.165888
v 0.100530 -0.019997 0.154420
v 0.142172 -0.028280 0.136176
v 0.174124 -0.034635 0.112400
v 0.194210 -0.038631 0.084712
v 0.201061 -0.039994 0.055000
v 0.194210 -0.038631 0.025288
v 0.174124 -0.034635 -0.002400
v 0.142172 -0.028280 -0.026176
v 0.100530 -0.019997 -0.044420
v 0.052038 -0.010351 -0.055888
v 0.049019 -0.020304 0.165888
v 0.094698 -0.039225 0.154420
v 0.133923 -0.055473 0.136176
v 0.164021 -0.067940 0.112400
v 0.182942 -0.075777 0.084712
v 0.189395 -0.078450 0.055000
v 0.182942 -0.075777 0.025288
v 0.164021 -0.067940 -0.002400
v 0.133923 -0.055473 -0.026176
v 0.094698 -0.039225 -0.044420
v 0.049019 -0.020304 -0.055888
v 0.044116 -0.029477 0.165888
v 0.085226 -0.056946 0.154420
v 0.120527 -0.080534 0.136176
v 0.147615 -0.098633 0.112400
v 0.164643 -0.110011 0.084712
v 0.170451 -0.113892 0.055000
v 0.164643 -0.110011 0.025288
v 0.147615 -0.098633 -0.002400
v 0.120527 -0.080534 -0.026176
v 0.085226 -0.056946 -0.044420
v 0.044116 -0.029477 -0.055888
v 0.037518 -0.037518 0.165888
v 0.072478 -0.072478 0.154420
v 0.102500 -0.102500 0.136176
v 0.125536 -0.125536 0.112400
v 0.140018 -0.140018 0.084712
v 0.144957 -0.144957 0.055000
v 0.140018 -0.140018 0.025288
v 0.125536 -0.125536 -0.002400
v 0.102500 -0.102500 -0.026176
v 0.072478 -0.072478 -0.044420
v 0.037518 -0.037518 -0.055888
v 0.029477 -0.044116 0.165888
v 0.056946 -0.085226 0.154420
v 0.080534 -0.120527 0.136176
v 0.098633 -0.147615 0.112400
v 0.110011 -0.164643 0.084712
v 0.113892 -0.170451 0.055000
v 0.110011 -0.164643 0.025288
v 0.098633 -0.147615 -0.002400
v 0.080534 -0.120527 -0.026176
v 0.056946 -0.085226 -0.044420
v 0.029477 -0.044116 -0.055888
v 0.020304 -0.049019 0.165888
v 0.039225 -0.094698 0.154420
v 0.055473 -0.133923 0.136176
v 0.067940 -0.164021 0.112400
v 0.075777 -0.182942 0.084712
v 0.078450 -0.189395 0.055000
v 0.075777 -0.182942 0.025288
v 0.067940 -0.164021 -0.002400
v 0.055473 -0.133923 -0.026176
v 0.039225 -0.094698 -0.044420
v 0.020304 -0.049019 -0.055888
v 0.010351 -0.052038 0.165888
v 0.019997 -0.100530 0.154420
v 0.028280 -0.142172 0.136176
v 0.034635 -0.174124 0.112400
v 0.038631 -0.194210 0.084712
v 0.039994 -0.201061 0.055000
v 0.038631 -0.194210 0.025288
v 0.034635 -0.174124 -0.002400
v 0.028280 -0.142172 -0.026176
v 0.019997 -0.100530 -0.044420
v 0.010351 -0.052038 -0.055888
v -0.000000 -0.053058 0.165888
v -0.000000 -0.102500 0.154420
v -0.000000 -0.144957 0.136176
v -0.000000 -0.177535 0.112400
v -0.000000 -0.198015 0.084712
v -0.000000 -0.205000 0.055000
v -0.000000 -0.198015 0.025288
v -0.000000 -0.177535 -0.002400
v -0.000000 -0.144957 -0.026176
v -0.000000 -0.102500 -0.044420
v -0.000000 -0.053058 -0.055888
v -0.010351 -0.052038 0.165888
v -0.019997 -0.100530 0.154420
v -0.028280 -0.142172 0.136176
v -0.034635 -0.174124 0.112400
v -0.038631 -0.194210 0.084712
v -0.039994 -0.201061 0.055000
v -0.038631 -0.194210 0.025288
v -0.034635 -0.174124 -0.002400
v -0.028280 -0.142172 -0.026176
v -0.019997 -0.100530 -0.044420
v -0.010351 -0.052038 -0.055888
v -0.020304 -0.049019 0.165888
v -0.039225 -0.094698 0.154420
v -0.055473 -0.133923 0.136176
v -0.067940 -0.164021 0.112400
v -0.075777 -0.182942 0.084712
v -0.078450 -0.189395 0.055000
v -0.075777 -0.182942 0.025288
v -0.067940 -0.164021 -0.002400
v -0.055473 -0.133923 -0.026176
v -0.039225 -0.094698 -0.044420
v -0.020304 -0.049019 -0.055888
v -0.029477 -0.044116 0.165888
v -0.056946 -0.085226 0.154420
v -0.080534 -0.120527 0.136176
v -0.098633 -0.147615 0.112400
v -0.110011 -0.164643 0.084712
v -0.113892 -0.170451 0.055000
v -0.110011 -0.164643 0.025288
v -0.098633 -0.147615 -0.002400
v -0.080534 -0.120527 -0.026176
v -0.056946 -0.085226 -0.044420
v -0.029477 -0.044116 -0.055888
v -0.037518 -0.037518 0.165888
v -0.072478 -0.072478 0.154420
v -0.102500 -0.102500 0.136176
v -0.125536 -0.125536 0.112400
v -0.140018 -0.140018 0.084712
v -0.144957 -0.144957 0.055000
v -0.140018 -0.140018 0.025288
v -0.125536 -0.125536 -0.002400
v -0.102500 -0.102500 -0.026176
v -0.072478 -0.072478 -0.044420
v -0.037518 -0.037518 -0.055888
v -0.044116 -0.029477 0.165888
v -0.085226 -0.056946 0.154420
v -0.120527 -0.080534 0.136176
v -0.147615 -0.098633 0.112400
v -0.164643 -0.110011 0.084712
v -0.170451 -0.113892 0.055000
v -0.164643 -0.110011 0.025288
v -0.147615 -0.098633 -0.002400
v -0.120527 -0.080534 -0.026176
v -0.085226 -0.056946 -0.044420
v -0.044116 -0.029477 -0.055888
v -0.049019 -0.020304 0.165888
v -0.094698 -0.039225 0.154420
v -0.133923 -0.055473 0.136176
v -0.164021 -0.067940 0.112400
v -0.182942 -0.075777 0.084712
v -0.189395 -0.078450 0.055000
v -0.182942 -0.075777 0.025288
v -0.164021 -0.067940 -0.002400
v -0.133923 -0.055473 -0.026176
v -0.094698 -0.039225 -0.044420
v -0.049019 -0.020304 -0.055888
v -0.052038 -0.010351 0.165888
v -0.100530 -0.019997 0.154420
v -0.142171 -0.028280 0.136176
v -0.174124 -0.034635 0.112400
v -0.194210 -0.038631 0.084712
v -0.201061 -0.039993 0.055000
v -0.194210 -0.038631 0.025288
v -0.174124 -0.034635 -0.002400
v -0.142171 -0.028280 -0.026176
v -0.100530 -0.019997 -0.044420
v -0.052038 -0.010351 -0.055888
v -0.053058 0.000000 0.165888
v -0.102500 0.000000 0.154420
v -0.144957 0.000000 0.136176
v -0.177535 0.000000 0.112400
v -0.198015 0.000000 0.084712
v -0.205000 0.000000 0.055000
v -0.198015 0.000000 0.025288
v -0.177535 0.000000 -0.002400
v -0.144957 0.000000 -0.026176
v -0.102500 0.000000 -0.044420
v -0.053058 0.000000 -0.055888
v -0.052038 0.010351 0.165888
v -0.100530 0.019997 0.154420
v -0.142171 0.028280 0.136176
v -0.174124 0.034635 0.112400
v -0.194210 0.038631 0.084712
v -0.201061 0.039994 0.055000
v -0.194210 0.038631 0.025288
v -0.174124 0.034635 -0.002400
v -0.142171 0.028280 -0.026176
v -0.100530 0.019997 -0.044420
v -0.052038 0.010351 -0.055888
v -0.049019 0.020304 0.165888
v -0.094698 0.039225 0.154420
v -0.133923 0.055473 0.136176
v -0.164021 0.067940 0.112400
v -0.182942 0.075777 0.084712
v -0.189395 0.078450 0.055000
v -0.182942 0.075777 0.025288
v -0.164021 0.067940 -0.002400
v -0.133923 0.055473 -0.026176
v -0.094698 0.039225 -0.044420
v -0.049019 0.020304 -0.055888
v -0.044116 0.029477 0.165888
v -0.085226 0.056946 0.154420
v -0.120527 0.080534 0.136176
v -0.147615 0.098633 0.112400
v -0.164643 0.110011 0.084712
v -0.170451 0.113892 0.055000
v -0.164643 0.110011 0.025288
v -0.147615 0.098633 -0.002400
v -0.120527 0.080534 -0.026176
v -0.085226 0.056946 -0.044420
v -0.044116 0.029477 -0.055888
v -0.037518 0.037518 0.165888
v -0.072478 0.072478 0.154420
v -0.102500 0.102500 0.136176
v -0.125536 0.125536 0.112400
v -0.140017 0.140018 0.084712
v -0.144957 0.144957 0.055000
v -0.140017 0.140018 0.025288
v -0.125536 0.125536 -0.002400
v -0.102500 0.102500 -0.026176
v -0.072478 0.072478 -0.044420
v -0.037518 0.037518 -0.055888
v -0.029477 0.044116 0.165888
v -0.056946 0.085226 0.154420
v -0.080534 0.120527 0.136176
v -0.098633 0.147615 0.112400
v -0.110011 0.164643 0.084712
v -0.113892 0.170451 0.055000
v -0.110011 0.164643 0.025288
v -0.098633 0.147615 -0.002400
v -0.080534 0.120527 -0.026176
v -0.056946 0.085226 -0.044420
v -0.029477 0.044116 -0.055888
v -0.020304 0.049019 0.165888
v -0.039225 0.094698 0.154420
v -0.055473 0.133923 0.136176
v -0.067940 0.164021 0.112400
v -0.075777 0.182942 0.084712
v -0.078450 0.189395 0.055000
v -0.075777 0.182942 0.025288
v -0.067940 0.164021 -0.002400
v -0.055473 0.133923 -0.026176
v -0.039225 0.094698 -0.044420
v -0.020304 0.049019 -0.055888
v -0.010351 0.052038 0.165888
v -0.019997 0.100530 0.154420
v -0.028280 0.142171 0.136176
v -0.034635 0.174124 0.112400
v -0.038631 0.194210 0.084712
v -0.039993 0.201061 0.055000
v -0.038631 0.194210 0.025288
v -0.034635 0.174124 -0.002400
v -0.028280 0.142171 -0.026176
v -0.019997 0.100530 -0.044420
v -0.010351 0.052038 -0.055888
v 0.000000 0.053058 0.165888
v 0.000000 0.102500 -0.044420
v 0.000000 0.000000 0.073250
v 0.000000 0.152028 0.038615
v 0.000000 0.186195 0.014125
v 0.000000 0.207674 -0.075605
v 0.000000 0.186195 -0.104125
v 0.000000 0.152028 -0.128615
v 0.000000 0.000000 -0.163250
v 0.010856 0.054577 0.069221
v 0.020972 0.105434 0.057408
v 0.029659 0.149107 0.038615
v 0.036325 0.182618 0.014125
v 0.040515 0.203684 -0.014395
v 0.041944 0.210869 -0.045000
v 0.040515 0.203684 -0.075605
v 0.036325 0.182618 -0.104125
v 0.029659 0.149107 -0.128615
v 0.020972 0.105434 -0.147408
v 0.010856 0.054577 -0.159221
v 0.021295 0.051410 0.069221
v 0.041138 0.099317 0.057408
v 0.058179 0.140456 0.038615
v 0.071254 0.172022 0.014125
v 0.079473 0.191866 -0.014395
v 0.082277 0.198634 -0.045000
v 0.079473 0.191866 -0.075605
v 0.071254 0.172022 -0.104125
v 0.058179 0.140456 -0.128615
v 0.041138 0.099317 -0.147408
v 0.021295 0.051410 -0.159221
v 0.030915 0.046268 0.069221
v 0.059724 0.089383 0.057408
v 0.084462 0.126407 0.038615
v 0.103445 0.154816 0.014125
v 0.115378 0.172675 -0.014395
v 0.119448 0.178766 -0.045000
v 0.115378 0.172675 -0.075605
v 0.103445 0.154816 -0.104125
v 0.084462 0.126407 -0.128615
v 0.059724 0.089383 -0.147408
v 0.030915 0.046268 -0.159221
v 0.039348 0.039348 0.069221
v 0.076014 0.076014 0.057408
v 0.107500 0.107500 0.038615
v 0.131660 0.131660 0.014125
v 0.146848 0.146848 -0.014395
v 0.152028 0.152028 -0.045000
v 0.146848 0.146848 -0.075605
v 0.131660 0.131660 -0.104125
v 0.107500 0.107500 -0.128615
v 0.076014 0.076014 -0.147408
v 0.039348 0.039348 -0.159221
v 0.046268 0.030915 0.069221
v 0.089383 0.059724 0.057408
v 0.126407 0.084462 0.038615
v 0.154816 0.103445 0.014125
v 0.172675 0.115378 -0.014395
v 0.178766 0.119448 -0.045000
v 0.172675 0.115378 -0.075605
v 0.154816 0.103445 -0.104125
v 0.126407 0.084462 -0.128615
v 0.089383 0.059724 -0.147408
v 0.046268 0.030915 -0.159221
v 0.051410 0.021295 0.069221
v 0.099317 0.041138 0.057408
v 0.140455 0.058179 0.038615
v 0.172022 0.071254 0.014125
v 0.191866 0.079473 -0.014395
v 0.198634 0.082277 -0.045000
v 0.191866 0.079473 -0.075605
v 0.172022 0.071254 -0.104125
v 0.140455 0.058179 -0.128615
v 0.099317 0.041138 -0.147408
v 0.051410 0.021295 -0.159221
v 0.054577 0.010856 0.069221
v 0.105434 0.020972 0.057408
v 0.149107 0.029659 0.038615
v 0.182618 0.036325 0.014125
v 0.203684 0.040515 -0.014395
v 0.210869 0.041944 -0.045000
v 0.203684 0.040515 -0.075605
v 0.182618 0.036325 -0.104125
v 0.149107 0.029659 -0.128615
v 0.105434 0.020972 -0.147408
v 0.054577 0.010856 -0.159221
v 0.055646 -0.000000 0.069221
v 0.107500 -0.000000 0.057408
v 0.152028 -0.000000 0.038615
v 0.186195 -0.000000 0.014125
v 0.207674 -0.000000 -0.014395
v 0.215000 -0.000000 -0.045000
v 0.207674 -0.000000 -0.075605
v 0.186195 -0.000000 -0.104125
v 0.152028 -0.000000 -0.128615
v 0.107500 -0.000000 -0.147408
v 0.055646 -0.000000 -0.159221
v 0.054577 -0.010856 0.069221
v 0.105434 -0.020972 0.057408
v 0.149107 -0.029659 0.038615
v 0.182618 -0.036325 0.014125
v 0.203684 -0.040515 -0.014395
v 0.210869 -0.041944 -0.045000
v 0.203684 -0.040515 -0.075605
v 0.182618 -0.036325 -0.104125
v 0.149107 -0.029659 -0.128615
v 0.105434 -0.020972 -0.147408
v 0.054577 -0.010856 -0.159221
v 0.051410 -0.021295 0.069221
v 0.099317 -0.041138 0.057408
v 0.140455 -0.058179 0.038615
v 0.172022 -0.071254 0.014125
v 0.191866 -0.079473 -0.014395
v 0.198634 -0.082277 -0.045000
v 0.191866 -0.079473 -0.075605
v 0.172022 -0.071254 -0.104125
v 0.140455 -0.058179 -0.128615
v 0.099317 -0.041138 -0.147408
v 0.051410 -0.021295 -0.159221
v 0.046268 -0.030915 0.069221
v 0.089383 -0.059724 0.057408
v 0.126407 -0.084462 0.038615
v 0.154816 -0.103445 0.014125
v 0.172675 -0.115378 -0.014395
v 0.178766 -0.119448 -0.045000
v 0.172675 -0.115378 -0.075605
v 0.154816 -0.103445 -0.104125
v 0.126407 -0.084462 -0.128615
v 0.089383 -0.059724 -0.147408
v 0.046268 -0.030915 -0.159221
v 0.039348 -0.039348 0.069221
v 0.076014 -0.076014 0.057408
v 0.107500 -0.107500 0.038615
v 0.131660 -0.131660 0.014125
v 0.146848 -0.146848 -0.014395
v 0.152028 -0.152028 -0.045000
v 0.146848 -0.146848 -0.075605
v 0.131660 -0.131660 -0.104125
v 0.107500 -0.107500 -0.128615
v 0.076014 -0.076014 -0.147408
v 0.039348 -0.039348 -0.159221
v 0.030915 -0.046268 0.069221
v 0.059724 -0.089383 0.057408
v 0.084462 -0.126407 0.038615
v 0.103445 -0.154816 0.014125
v 0.115377 -0.172675 -0.014395
v 0.119448 -0.178766 -0.045000
v 0.115377 -0.172675 -0.075605
v 0.103445 -0.154816 -0.104125
v 0.084462 -0.126407 -0.128615
v 0.059724 -0.089383 -0.147408
v 0.030915 -0.046268 -0.159221
v 0.021295 -0.051410 0.069221
v 0.041138 -0.099317 0.057408
v 0.058179 -0.140455 0.038615
v 0.071254 -0.172022 0.014125
v 0.079473 -0.191866 -0.014395
v 0.082277 -0.198634 -0.045000
v 0.079473 -0.191866 -0.075605
v 0.071254 -0.172022 -0.104125
v 0.058179 -0.140455 -0.128615
v 0.041138 -0.099317 -0.147408
v 0.021295 -0.051410 -0.159221
v 0.010856 -0.054577 0.069221
v 0.020972 -0.105434 0.057408
v 0.029659 -0.149107 0.038615
v 0.036325 -0.182618 0.014125
v 0.040515 -0.203684 -0.014395
v 0.041944 -0.210869 -0.045000
v 0.040515 -0.203684 -0.075605
v 0.036325 -0.182618 -0.104125
v 0.029659 -0.149107 -0.128615
v 0.020972 -0.105434 -0.147408
v 0.010856 -0.054577 -0.159221
v -0.000000 -0.055646 0.069221
v -0.000000 -0.107500 0.057408
v -0.000000 -0.152028 0.038615
v -0.000000 -0.186195 0.014125
v -0.000000 -0.207674 -0.014395
v -0.000000 -0.215000 -0.045000
v -0.000000 -0.207674 -0.075605
v -0.000000 -0.186195 -0.104125
v -0.000000 -0.152028 -0.128615
v -0.000000 -0.107500 -0.147408
v -0.000000 -0.055646 -0.159221
v -0.010856 -0.054577 0.069221
v -0.020972 -0.105434 0.057408
v -0.029659 -0.149107 0.038615
v -0.036325 -0.182618 0.014125
v -0.040515 -0.203684 -0.014395
v -0.041944 -0.210869 -0.045000
v -0.040515 -0.203684 -0.075605
v -0.036325 -0.182618 -0.104125
v -0.029659 -0.149107 -0.128615
v -0.020972 -0.105434 -0.147408
v -0.010856 -0.054577 -0.159221
v -0.021295 -0.051410 0.069221
v -0.041138 -0.099317 0.057408
v -0.058179 -0.140455 0.038615
v -0.071254 -0.172022 0.014125
v -0.079473 -0.191866 -0.014395
v -0.082277 -0.198634 -0.045000
v -0.079473 -0.191866 -0.075605
v -0.071254 -0.172022 -0.104125
v -0.058179 -0.140455 -0.128615
v -0.041138 -0.099317 -0.147408
v -0.021295 -0.051410 -0.159221
v -0.030915 -0.046268 0.069221
v -0.059724 -0.089383 0.057408
v -0.084462 -0.126407 0.038615
v -0.103445 -0.154816 0.014125
v -0.115378 -0.172675 -0.014395
v -0.119448 -0.178766 -0.045000
v -0.115378 -0.172675 -0.075605
v -0.103445 -0.154816 -0.104125
v -0.084462 -0.126407 -0.128615
v -0.059724 -0.089383 -0.147408
v -0.030915 -0.046268 -0.159221
v -0.039348 -0.039348 0.069221
v -0.076014 -0.076014 0.057408
v -0.107500 -0.107500 0.038615
v -0.131660 -0.131660 0.014125
v -0.146848 -0.146848 -0.014395
v -0.152028 -0.152028 -0.045000
v -0.146848 -0.146848 -0.075605
v -0.131660 -0.131660 -0.104125
v -0.107500 -0.107500 -0.128615
v -0.076014 -0.076014 -0.147408
v -0.039348 -0.039348 -0.159221
v -0.046268 -0.030915 0.069221
v -0.089383 -0.059724 0.057408
v -0.126407 -0.084462 0.038615
v -0.154816 -0.103445 0.014125
v -0.172675 -0.115377 -0.014395
v -0.178766 -0.119447 -0.045000
v -0.172675 -0.115377 -0.075605
v -0.154816 -0.103445 -0.104125
v -0.126407 -0.084462 -0.128615
v -0.089383 -0.059724 -0.147408
v -0.046268 -0.030915 -0.159221
v -0.051410 -0.021295 0.069221
v -0.099317 -0.041138 0.057408
v -0.140455 -0.058179 0.038615
v -0.172022 -0.071254 0.014125
v -0.191866 -0.079473 -0.014395
v -0.198634 -0.082277 -0.045000
v -0.191866 -0.079473 -0.075605
v -0.172022 -0.071254 -0.104125
v -0.140455 -0.058179 -0.128615
v -0.099317 -0.041138 -0.147408
v -0.051410 -0.021295 -0.159221
v -0.054577 -0.010856 0.069221
v -0.105434 -0.020972 0.057408
v -0.149107 -0.029659 0.038615
v -0.182618 -0.036325 0.014125
v -0.203684 -0.040515 -0.014395
v -0.210869 -0.041944 -0.045000
v -0.203684 -0.040515 -0.075605
v -0.182618 -0.036325 -0.104125
v -0.149107 -0.029659 -0.128615
v -0.105434 -0.020972 -0.147408
v -0.054577 -0.010856 -0.159221
v -0.055646 0.000000 0.069221
v -0.107500 0.000000 0.057408
v -0.152028 0.000000 0.038615
v -0.186195 0.000000 0.014125
v -0.207674 0.000000 -0.014395
v -0.215000 0.000000 -0.045000
v -0.207674 0.000000 -0.075605
v -0.186195 0.000000 -0.104125
v -0.152028 0.000000 -0.128615
v -0.107500 0.000000 -0.147408
v -0.055646 0.000000 -0.159221
v -0.054577 0.010856 0.069221
v -0.105434 0.020972 0.057408
v -0.149107 0.029659 0.038615
v -0.182618 0.036325 0.014125
v -0.203684 0.040515 -0.014395
v -0.210869 0.041944 -0.045000
v -0.203684 0.040515 -0.075605
v -0.182618 0.036325 -0.104125
v -0.149107 0.029659 -0.128615
v -0.105434 0.020972 -0.147408
v -0.054577 0.010856 -0.159221
v -0.051410 0.021295 0.069221
v -0.099317 0.041138 0.057408
v -0.140455 0.058179 0.038615
v -0.172022 0.071254 0.014125
v -0.191866 0.079473 -0.014395
v -0.198634 0.082277 -0.045000
v -0.191866 0.079473 -0.075605
v -0.172022 0.071254 -0.104125
v -0.140455 0.058179 -0.128615
v -0.099317 0.041138 -0.147408
v -0.051410 0.021295 -0.159221
v -0.046268 0.030915 0.069221
v -0.089383 0.059724 0.057408
v -0.126406 0.084462 0.038615
v -0.154816 0.103445 0.014125
v -0.172675 0.115378 -0.014395
v -0.178766 0.119448 -0.045000
v -0.172675 0.115378 -0.075605
v -0.154816 0.103445 -0.104125
v -0.126406 0.084462 -0.128615
v -0.089383 0.059724 -0.147408
v -0.046268 0.030915 -0.159221
v -0.039348 0.039348 0.069221
v -0.076014 0.076014 0.057408
v -0.107500 0.107500 0.038615
v -0.131660 0.131660 0.014125
v -0.146848 0.146848 -0.014395
v -0.152028 0.152028 -0.045000
v -0.146848 0.146848 -0.075605
v -0.131660 0.131660 -0.104125
v -0.107500 0.107500 -0.128615
v -0.076014 0.076014 -0.147408
v -0.039348 0.039348 -0.159221
v -0.030915 0.046268 0.069221
v -0.059724 0.089383 0.057408
v -0.084462 0.126407 0.038615
v -0.103445 0.154816 0.014125
v -0.115377 0.172675 -0.014395
v -0.119447 0.178766 -0.045000
v -0.115377 0.172675 -0.075605
v -0.103445 0.154816 -0.104125
v -0.084462 0.126407 -0.128615
v -0.059724 0.089383 -0.147408
v -0.030915 0.046268 -0.159221
v -0.021295 0.051410 0.069221
v -0.041138 0.099317 0.057408
v -0.058178 0.140455 0.038615
v -0.071254 0.172022 0.014125
v -0.079473 0.191866 -0.014395
v -0.082277 0.198634 -0.045000
v -0.079473 0.191866 -0.075605
v -0.071254 0.172022 -0.104125
v -0.058178 0.140455 -0.128615
v -0.041138 0.099317 -0.147408
v -0.021295 0.051410 -0.159221
v -0.010856 0.054577 0.069221
v -0.020972 0.105434 0.057408
v -0.029659 0.149107 0.038615
v -0.036325 0.182618 0.014125
v -0.040515 0.203684 -0.014395
v -0.041944 0.210869 -0.045000
v -0.040515 0.203684 -0.075605
v -0.036325 0.182618 -0.104125
v -0.029659 0.149107 -0.128615
v -0.020972 0.105434 -0.147408
v -0.010856 0.054577 -0.159221
v 0.000000 0.055646 0.069221
v 0.000000 0.107500 0.057408
v 0.000000 0.207674 -0.014395
v 0.000000 0.215000 -0.045000
v 0.000000 0.107500 -0.147408
v 0.000000 0.055646 -0.159221
v -0.035018 0.084540 0.133000
v -0.041746 0.086298 0.139000
v -0.031503 0.090540 0.139000
v -0.039260 0.086298 0.134757
v -0.036682 0.088558 0.135536
v -0.036988 0.089298 0.139000
v -0.033260 0.088783 0.134757
v -0.035018 0.084540 0.163000
v -0.031503 0.090540 0.157000
v -0.041746 0.086298 0.157000
v -0.033260 0.088783 0.161243
v -0.036682 0.088558 0.160464
v -0.036988 0.089298 0.157000
v -0.039260 0.086298 0.161243
v 0.035018 0.084540 0.133000
v 0.031503 0.090540 0.139000
v 0.041746 0.086298 0.139000
v 0.033260 0.088783 0.134757
v 0.036682 0.088558 0.135536
v 0.036988 0.089298 0.139000
v 0.039260 0.086298 0.134757
v 0.035018 0.084540 0.163000
v 0.041746 0.086298 0.157000
v 0.031503 0.090540 0.157000
v 0.039260 0.086298 0.161243
v 0.036682 0.088558 0.160464
v 0.036988 0.089298 0.157000
v 0.033260 0.088783 0.161243
v 0.084540 0.035018 0.133000
v 0.086298 0.041746 0.139000
v 0.090540 0.031503 0.139000
v 0.086298 0.039260 0.134757
v 0.088558 0.036682 0.135536
v 0.089298 0.036988 0.139000
v 0.088783 0.033260 0.134757
v 0.084540 0.035018 0.163000
v 0.090540 0.031503 0.157000
v 0.086298 0.041746 0.157000
v 0.088783 0.033260 0.161243
v 0.088558 0.036682 0.160464
v 0.089298 0.036988 0.157000
v 0.086298 0.039260 0.161243
v 0.084540 -0.035018 0.133000
v 0.090540 -0.031503 0.139000
v 0.086298 -0.041746 0.139000
v 0.088783 -0.033260 0.134757
v 0.088558 -0.036682 0.135536
v 0.089298 -0.036988 0.139000
v 0.086298 -0.039260 0.134757
v 0.084540 -0.035018 0.163000
v 0.086298 -0.041746 0.157000
v 0.090540 -0.031503 0.157000
v 0.086298 -0.039260 0.161243
v 0.088558 -0.036682 0.160464
v 0.089298 -0.036988 0.157000
v 0.088783 -0.033260 0.161243
v 0.035018 -0.084540 0.133000
v 0.041746 -0.086298 0.139000
v 0.031503 -0.090540 0.139000
v 0.039260 -0.086298 0.134757
v 0.036682 -0.088558 0.135536
v 0.036988 -0.089298 0.139000
v 0.033260 -0.088783 0.134757
v 0.035018 -0.084540 0.163000
v 0.031503 -0.090540 0.157000
v 0.041746 -0.086298 0.157000
v 0.033260 -0.088783 0.161243
v 0.036682 -0.088558 0.160464
v 0.036988 -0.089298 0.157000
v 0.039260 -0.086298 0.161243
v -0.035018 -0.084540 0.133000
v -0.031503 -0.090540 0.139000
v -0.041746 -0.086298 0.139000
v -0.033260 -0.088783 0.134757
v -0.036682 -0.088558 0.135536
v -0.036988 -0.089298 0.139000
v -0.039260 -0.086298 0.134757
v -0.035018 -0.084540 0.163000
v -0.041746 -0.086298 0.157000
v -0.031503 -0.090540 0.157000
v -0.039260 -0.086298 0.161243
v -0.036682 -0.088558 0.160464
v -0.036988 -0.089298 0.157000
v -0.033260 -0.088783 0.161243
v -0.084540 -0.035018 0.133000
v -0.086298 -0.041746 0.139000
v -0.090540 -0.031503 0.139000
v -0.086298 -0.039260 0.134757
v -0.088558 -0.036682 0.135536
v -0.089298 -0.036988 0.139000
v -0.088783 -0.033260 0.134757
v -0.084540 -0.035018 0.163000
v -0.090540 -0.031503 0.157000
v -0.086298 -0.041746 0.157000
v -0.088783 -0.033260 0.161243
v -0.088558 -0.036682 0.160464
v -0.089298 -0.036988 0.157000
v -0.086298 -0.039260 0.161243
v -0.084540 0.035018 0.133000
v -0.090540 0.031503 0.139000
v -0.086298 0.041746 0.139000
v -0.088783 0.033260 0.134757
v -0.088558 0.036682 0.135536
v -0.089298 0.036988 0.139000
v -0.086298 0.039260 0.134757
v -0.084540 0.035018 0.163000
v -0.086298 0.041746 0.157000
v -0.090540 0.031503 0.157000
v -0.086298 0.039260 0.161243
v -0.088558 0.036682 0.160464
v -0.089298 0.036988 0.157000
v -0.088783 0.033260 0.161243
v 0.045388 0.138460 -0.065812
v 0.045293 0.147021 -0.064578
v 0.050493 0.141821 -0.071932
v 0.043566 0.142762 -0.064942
v 0.045179 0.142247 -0.068638
v 0.047175 0.145138 -0.069270
v 0.047243 0.139085 -0.070142
v 0.159464 0.240536 -0.057326
v 0.155633 0.235901 -0.064112
v 0.150433 0.241101 -0.056758
v 0.158702 0.238819 -0.061852
v 0.155478 0.240944 -0.060433
v 0.152316 0.239218 -0.061449
v 0.155025 0.242496 -0.056651
v 0.108957 0.074891 -0.089900
v 0.110271 0.082043 -0.094585
v 0.117374 0.074939 -0.091893
v 0.108133 0.078194 -0.093216
v 0.111478 0.075948 -0.093761
v 0.114085 0.078228 -0.094625
v 0.113156 0.073171 -0.091312
v 0.214837 0.185163 -0.078309
v 0.214961 0.176574 -0.081210
v 0.207857 0.183677 -0.083901
v 0.216607 0.180913 -0.079987
v 0.213852 0.182570 -0.082553
v 0.211671 0.179863 -0.083941
v 0.211584 0.185936 -0.081891
v 0.155493 0.028355 -0.024089
v 0.161135 0.031179 -0.030006
v 0.163038 0.029275 -0.019960
v 0.157731 0.028596 -0.028274
v 0.160012 0.027414 -0.025123
v 0.163066 0.029247 -0.025355
v 0.159077 0.027250 -0.021170
v 0.255373 0.144627 -0.020983
v 0.255094 0.136440 -0.017098
v 0.253191 0.138343 -0.027144
v 0.256666 0.140855 -0.018136
v 0.256585 0.139837 -0.022120
v 0.255123 0.136412 -0.022492
v 0.255320 0.142201 -0.025239
v 0.138460 0.045388 0.065812
v 0.147021 0.045293 0.064578
v 0.141821 0.050493 0.071932
v 0.142762 0.043566 0.064942
v 0.142247 0.045179 0.068638
v 0.145138 0.047175 0.069270
v 0.139085 0.047243 0.070142
v 0.240536 0.159464 0.057326
v 0.235901 0.155633 0.064112
v 0.241101 0.150433 0.056758
v 0.238819 0.158702 0.061852
v 0.240944 0.155478 0.060433
v 0.239218 0.152316 0.061449
v 0.242496 0.155025 0.056651
v 0.074891 0.108957 0.089900
v 0.082043 0.110271 0.094585
v 0.074939 0.117374 0.091893
v 0.078194 0.108133 0.093216
v 0.075948 0.111478 0.093761
v 0.078228 0.114085 0.094625
v 0.073171 0.113156 0.091312
v 0.185163 0.214837 0.078309
v 0.176574 0.214961 0.081210
v 0.183677 0.207857 0.083901
v 0.180913 0.216607 0.079987
v 0.182570 0.213852 0.082553
v 0.179863 0.211671 0.083941
v 0.185936 0.211584 0.081891
v 0.028355 0.155493 0.024089
v 0.031179 0.161135 0.030006
v 0.029275 0.163038 0.019960
v 0.028596 0.157731 0.028274
v 0.027414 0.160012 0.025123
v 0.029247 0.163066 0.025355
v 0.027250 0.159077 0.021170
v 0.144627 0.255373 0.020983
v 0.136440 0.255094 0.017098
v 0.138343 0.253191 0.027144
v 0.140855 0.256666 0.018136
v 0.139837 0.256585 0.022120
v 0.136412 0.255123 0.022492
v 0.142201 0.255320 0.025239
v 0.200000 0.297914 -0.072500
v 0.200000 0.308000 -0.062500
v 0.200000 0.305046 -0.069571
v 0.200000 0.297914 0.072500
v 0.200000 0.308000 0.062500
v 0.200000 0.305046 0.069571
v 0.225342 0.294577 -0.072500
v 0.227952 0.304320 -0.062500
v 0.227188 0.301466 -0.069571
v 0.225342 0.294577 0.072500
v 0.227952 0.304320 0.062500
v 0.227188 0.301466 0.069571
v 0.248957 0.284796 -0.072500
v 0.254000 0.293531 -0.062500
v 0.252523 0.290972 -0.069571
v 0.248957 0.284796 0.072500
v 0.254000 0.293531 0.062500
v 0.252523 0.290972 0.069571
v 0.269235 0.269235 -0.072500
v 0.276368 0.276368 -0.062500
v 0.274279 0.274279 -0.069571
v 0.269235 0.269235 0.072500
v 0.276368 0.276368 0.062500
v 0.274279 0.274279 0.069571
v 0.284796 0.248957 -0.072500
v 0.293531 0.254000 -0.062500
v 0.290972 0.252523 -0.069571
v 0.284796 0.248957 0.072500
v 0.293531 0.254000 0.062500
v 0.290972 0.252523 0.069571
v 0.294577 0.225342 -0.072500
v 0.304320 0.227952 -0.062500
v 0.301466 0.227188 -0.069571
v 0.294577 0.225342 0.072500
v 0.304320 0.227952 0.062500
v 0.301466 0.227188 0.069571
v 0.297914 0.200000 -0.072500
v 0.308000 0.200000 -0.062500
v 0.305046 0.200000 -0.069571
v 0.297914 0.200000 0.072500
v 0.308000 0.200000 0.062500
v 0.305046 0.200000 0.069571
v 0.294577 0.174658 -0.072500
v 0.304320 0.172048 -0.062500
v 0.301466 0.172812 -0.069571
v 0.294577 0.174658 0.072500
v 0.304320 0.172048 0.062500
v 0.301466 0.172812 0.069571
v 0.284796 0.151043 -0.072500
v 0.293531 0.146000 -0.062500
v 0.290972 0.147477 -0.069571
v 0.284796 0.151043 0.072500
v 0.293531 0.146000 0.062500
v 0.290972 0.147477 0.069571
v 0.269235 0.130765 -0.072500
v 0.276368 0.123632 -0.062500
v 0.274279 0.125721 -0.069571
v 0.269235 0.130765 0.072500
v 0.276368 0.123632 0.062500
v 0.274279 0.125721 0.069571
v 0.248957 0.115204 -0.072500
v 0.254000 0.106469 -0.062500
v 0.252523 0.109028 -0.069571
v 0.248957 0.115204 0.072500
v 0.254000 0.106469 0.062500
v 0.252523 0.109028 0.069571
v 0.225342 0.105423 -0.072500
v 0.227952 0.095680 -0.062500
v 0.227188 0.098534 -0.069571
v 0.225342 0.105423 0.072500
v 0.227952 0.095680 0.062500
v 0.227188 0.098534 0.069571
v 0.200000 0.102086 -0.072500
v 0.200000 0.092000 -0.062500
v 0.200000 0.094954 -0.069571
v 0.200000 0.102086 0.072500
v 0.200000 0.092000 0.062500
v 0.200000 0.094954 0.069571
v 0.174658 0.105423 -0.072500
v 0.172048 0.095680 -0.062500
v 0.172812 0.098534 -0.069571
v 0.174658 0.105423 0.072500
v 0.172048 0.095680 0.062500
v 0.172812 0.098534 0.069571
v 0.151043 0.115204 -0.072500
v 0.146000 0.106469 -0.062500
v 0.147477 0.109028 -0.069571
v 0.151043 0.115204 0.072500
v 0.146000 0.106469 0.062500
v 0.147477 0.109028 0.069571
v 0.130765 0.130765 -0.072500
v 0.123632 0.123632 -0.062500
v 0.125721 0.125721 -0.069571
v 0.130765 0.130765 0.072500
v 0.123632 0.123632 0.062500
v 0.125721 0.125721 0.069571
v 0.115204 0.151043 -0.072500
v 0.106469 0.146000 -0.062500
v 0.109028 0.147477 -0.069571
v 0.115204 0.151043 0.072500
v 0.106469 0.146000 0.062500
v 0.109028 0.147477 0.069571
v 0.105423 0.174658 -0.072500
v 0.095680 0.172048 -0.062500
v 0.098534 0.172812 -0.069571
v 0.105423 0.174658 0.072500
v 0.095680 0.172048 0.062500
v 0.098534 0.172812 0.069571
v 0.102086 0.200000 -0.072500
v 0.092000 0.200000 -0.062500
v 0.094954 0.200000 -0.069571
v 0.102086 0.200000 0.072500
v 0.092000 0.200000 0.062500
v 0.094954 0.200000 0.069571
v 0.105423 0.225342 -0.072500
v 0.095680 0.227952 -0.062500
v 0.098534 0.227188 -0.069571
v 0.105423 0.225342 0.072500
v 0.095680 0.227952 0.062500
v 0.098534 0.227188 0.069571
v 0.115204 0.248957 -0.072500
v 0.106469 0.254000 -0.062500
v 0.109028 0.252523 -0.069571
v 0.115204 0.248957 0.072500
v 0.106469 0.254000 0.062500
v 0.109028 0.252523 0.069571
v 0.130765 0.269235 -0.072500
v 0.123632 0.276368 -0.062500
v 0.125721 0.274279 -0.069571
v 0.130765 0.269235 0.072500
v 0.123632 0.276368 0.062500
v 0.125721 0.274279 0.069571
v 0.151043 0.284796 -0.072500
v 0.146000 0.293531 -0.062500
v 0.147477 0.290972 -0.069571
v 0.151043 0.284796 0.072500
v 0.146000 0.293531 0.062500
v 0.147477 0.290972 0.069571
v 0.174658 0.294577 -0.072500
v 0.172048 0.304320 -0.062500
v 0.172812 0.301466 -0.069571
v 0.174658 0.294577 0.072500
v 0.172048 0.304320 0.062500
v 0.172812 0.301466 0.069571
v -0.045388 0.138460 -0.065812
v -0.050493 0.141821 -0.071932
v -0.045293 0.147021 -0.064578
v -0.047243 0.139085 -0.070142
v -0.045179 0.142247 -0.068638
v -0.047175 0.145138 -0.069270
v -0.043566 0.142762 -0.064942
v -0.159464 0.240536 -0.057326
v -0.150433 0.241101 -0.056758
v -0.155633 0.235901 -0.064112
v -0.155025 0.242496 -0.056651
v -0.155478 0.240944 -0.060433
v -0.152316 0.239218 -0.061449
v -0.158702 0.238819 -0.061852
v -0.028355 0.155493 0.024089
v -0.029275 0.163038 0.019960
v -0.031179 0.161135 0.030006
v -0.027250 0.159077 0.021170
v -0.027414 0.160012 0.025123
v -0.029247 0.163066 0.025355
v -0.028596 0.157731 0.028274
v -0.144627 0.255373 0.020983
v -0.138343 0.253191 0.027144
v -0.136440 0.255094 0.017098
v -0.142201 0.255320 0.025239
v -0.139837 0.256585 0.022120
v -0.136412 0.255123 0.022492
v -0.140855 0.256666 0.018136
v -0.074891 0.108957 0.089900
v -0.074939 0.117374 0.091893
v -0.082043 0.110271 0.094585
v -0.073171 0.113156 0.091312
v -0.075948 0.111478 0.093761
v -0.078228 0.114085 0.094625
v -0.078194 0.108133 0.093216
v -0.185163 0.214837 0.078309
v -0.183677 0.207857 0.083901
v -0.176574 0.214961 0.081210
v -0.185936 0.211584 0.081891
v -0.182570 0.213852 0.082553
v -0.179863 0.211671 0.083941
v -0.180913 0.216607 0.079987
v -0.138460 0.045388 0.065812
v -0.141821 0.050493 0.071932
v -0.147021 0.045293 0.064578
v -0.139085 0.047243 0.070142
v -0.142247 0.045179 0.068638
v -0.145138 0.047175 0.069270
v -0.142762 0.043566 0.064942
v -0.240536 0.159464 0.057326
v -0.241101 0.150433 0.056758
v -0.235901 0.155633 0.064112
v -0.242496 0.155025 0.056651
v -0.240944 0.155478 0.060433
v -0.239218 0.152316 0.061449
v -0.238819 0.158702 0.061852
v -0.155493 0.028355 -0.024089
v -0.163038 0.029275 -0.019960
v -0.161135 0.031179 -0.030006
v -0.159077 0.027250 -0.021170
v -0.160012 0.027414 -0.025123
v -0.163066 0.029247 -0.025355
v -0.157731 0.028596 -0.028274
v -0.255373 0.144627 -0.020983
v -0.253191 0.138343 -0.027144
v -0.255094 0.136440 -0.017098
v -0.255320 0.142201 -0.025239
v -0.256585 0.139837 -0.022120
v -0.255123 0.136412 -0.022492
v -0.256666 0.140855 -0.018136
v -0.108957 0.074891 -0.089900
v -0.117374 0.074939 -0.091893
v -0.110271 0.082043 -0.094585
v -0.113156 0.073171 -0.091312
v -0.111478 0.075948 -0.093761
v -0.114085 0.078228 -0.094625
v -0.108133 0.078194 -0.093216
v -0.214837 0.185163 -0.078309
v -0.207857 0.183677 -0.083901
v -0.214961 0.176574 -0.081210
v -0.211584 0.185936 -0.081891
v -0.213852 0.182570 -0.082553
v -0.211671 0.179863 -0.083941
v -0.216607 0.180913 -0.079987
v -0.200000 0.297914 -0.072500
v -0.200000 0.308000 -0.062500
v -0.200000 0.305046 -0.069571
v -0.200000 0.297914 0.072500
v -0.200000 0.308000 0.062500
v -0.200000 0.305046 0.069571
v -0.174658 0.294577 -0.072500
v -0.172048 0.304320 -0.062500
v -0.172812 0.301466 -0.069571
v -0.174658 0.294577 0.072500
v -0.172048 0.304320 0.062500
v -0.172812 0.301466 0.069571
v -0.151043 0.284796 -0.072500
v -0.146000 0.293531 -0.062500
v -0.147477 0.290972 -0.069571
v -0.151043 0.284796 0.072500
v -0.146000 0.293531 0.062500
v -0.147477 0.290972 0.069571
v -0.130765 0.269235 -0.072500
v -0.123632 0.276368 -0.062500
v -0.125721 0.274279 -0.069571
v -0.130765 0.269235 0.072500
v -0.123632 0.276368 0.062500
v -0.125721 0.274279 0.069571
v -0.115204 0.248957 -0.072500
v -0.106469 0.254000 -0.062500
v -0.109028 0.252523 -0.069571
v -0.115204 0.248957 0.072500
v -0.106469 0.254000 0.062500
v -0.109028 0.252523 0.069571
v -0.105423 0.225342 -0.072500
v -0.095680 0.227952 -0.062500
v -0.098534 0.227188 -0.069571
v -0.105423 0.225342 0.072500
v -0.095680 0.227952 0.062500
v -0.098534 0.227188 0.069571
v -0.102086 0.200000 -0.072500
v -0.092000 0.200000 -0.062500
v -0.094954 0.200000 -0.069571
v -0.102086 0.200000 0.072500
v -0.092000 0.200000 0.062500
v -0.094954 0.200000 0.069571
v -0.105423 0.174658 -0.072500
v -0.095680 0.172048 -0.062500
v -0.098534 0.172812 -0.069571
v -0.105423 0.174658 0.072500
v -0.095680 0.172048 0.062500
v -0.098534 0.172812 0.069571
v -0.115204 0.151043 -0.072500
v -0.106469 0.146000 -0.062500
v -0.109028 0.147477 -0.069571
v -0.115204 0.151043 0.072500
v -0.106469 0.146000 0.062500
v -0.109028 0.147477 0.069571
v -0.130765 0.130765 -0.072500
v -0.123632 0.123632 -0.062500
v -0.125721 0.125721 -0.069571
v -0.130765 0.130765 0.072500
v -0.123632 0.123632 0.062500
v -0.125721 0.125721 0.069571
v -0.151043 0.115204 -0.072500
v -0.146000 0.106469 -0.062500
v -0.147477 0.109028 -0.069571
v -0.151043 0.115204 0.072500
v -0.146000 0.106469 0.062500
v -0.147477 0.109028 0.069571
v -0.174658 0.105423 -0.072500
v -0.172048 0.095680 -0.062500
v -0.172812 0.098534 -0.069571
v -0.174658 0.105423 0.072500
v -0.172048 0.095680 0.062500
v -0.172812 0.098534 0.069571
v -0.200000 0.102086 -0.072500
v -0.200000 0.092000 -0.062500
v -0.200000 0.094954 -0.069571
v -0.200000 0.102086 0.072500
v -0.200000 0.092000 0.062500
v -0.200000 0.094954 0.069571
v -0.225342 0.105423 -0.072500
v -0.227952 0.095680 -0.062500
v -0.227188 0.098534 -0.069571
v -0.225342 0.105423 0.072500
v -0.227952 0.095680 0.062500
v -0.227188 0.098534 0.069571
v -0.248957 0.115204 -0.072500
v -0.254000 0.106469 -0.062500
v -0.252523 0.109028 -0.069571
v -0.248957 0.115204 0.072500
v -0.254000 0.106469 0.062500
v -0.252523 0.109028 0.069571
v -0.269235 0.130765 -0.072500
v -0.276368 0.123632 -0.062500
v -0.274279 0.125721 -0.069571
v -0.269235 0.130765 0.072500
v -0.276368 0.123632 0.062500
v -0.274279 0.125721 0.069571
v -0.284796 0.151043 -0.072500
v -0.293531 0.146000 -0.062500
v -0.290972 0.147477 -0.069571
v -0.284796 0.151043 0.072500
v -0.293531 0.146000 0.062500
v -0.290972 0.147477 0.069571
v -0.294577 0.174658 -0.072500
v -0.304320 0.172048 -0.062500
v -0.301466 0.172812 -0.069571
v -0.294577 0.174658 0.072500
v -0.304320 0.172048 0.062500
v -0.301466 0.172812 0.069571
v -0.297914 0.200000 -0.072500
v -0.308000 0.200000 -0.062500
v -0.305046 0.200000 -0.069571
v -0.297914 0.200000 0.072500
v -0.308000 0.200000 0.062500
v -0.305046 0.200000 0.069571
v -0.294577 0.225342 -0.072500
v -0.304320 0.227952 -0.062500
v -0.301466 0.227188 -0.069571
v -0.294577 0.225342 0.072500
v -0.304320 0.227952 0.062500
v -0.301466 0.227188 0.069571
v -0.284796 0.248957 -0.072500
v -0.293531 0.254000 -0.062500
v -0.290972 0.252523 -0.069571
v -0.284796 0.248957 0.072500
v -0.293531 0.254000 0.062500
v -0.290972 0.252523 0.069571
v -0.269235 0.269235 -0.072500
v -0.276368 0.276368 -0.062500
v -0.274279 0.274279 -0.069571
v -0.269235 0.269235 0.072500
v -0.276368 0.276368 0.062500
v -0.274279 0.274279 0.069571
v -0.248957 0.284796 -0.072500
v -0.254000 0.293531 -0.062500
v -0.252523 0.290972 -0.069571
v -0.248957 0.284796 0.072500
v -0.254000 0.293531 0.062500
v -0.252523 0.290972 0.069571
v -0.225342 0.294577 -0.072500
v -0.227952 0.304320 -0.062500
v -0.227188 0.301466 -0.069571
v -0.225342 0.294577 0.072500
v -0.227952 0.304320 0.062500
v -0.227188 0.301466 0.069571
v -0.138460 -0.045388 0.065812
v -0.147021 -0.045293 0.064578
v -0.141821 -0.050493 0.071932
v -0.142762 -0.043566 0.064942
v -0.142247 -0.045179 0.068638
v -0.145138 -0.047175 0.069270
v -0.139085 -0.047243 0.070142
v -0.240536 -0.159464 0.057326
v -0.235901 -0.155633 0.064112
v -0.241101 -0.150433 0.056758
v -0.238819 -0.158702 0.061852
v -0.240944 -0.155478 0.060433
v -0.239218 -0.152316 0.061449
v -0.242496 -0.155025 0.056651
v -0.074891 -0.108957 0.089900
v -0.082043 -0.110271 0.094585
v -0.074939 -0.117374 0.091893
v -0.078194 -0.108133 0.093216
v -0.075948 -0.111478 0.093761
v -0.078228 -0.114085 0.094625
v -0.073171 -0.113156 0.091312
v -0.185163 -0.214837 0.078309
v -0.176574 -0.214961 0.081210
v -0.183677 -0.207857 0.083901
v -0.180913 -0.216607 0.079987
v -0.182570 -0.213852 0.082553
v -0.179863 -0.211671 0.083941
v -0.185936 -0.211584 0.081891
v -0.028355 -0.155493 0.024089
v -0.031179 -0.161135 0.030006
v -0.029275 -0.163038 0.019960
v -0.028596 -0.157731 0.028274
v -0.027414 -0.160012 0.025123
v -0.029247 -0.163066 0.025355
v -0.027250 -0.159077 0.021170
v -0.144627 -0.255373 0.020983
v -0.136440 -0.255094 0.017098
v -0.138343 -0.253191 0.027144
v -0.140855 -0.256666 0.018136
v -0.139837 -0.256585 0.022120
v -0.136412 -0.255123 0.022492
v -0.142201 -0.255320 0.025239
v -0.045388 -0.138460 -0.065812
v -0.045293 -0.147021 -0.064578
v -0.050493 -0.141821 -0.071932
v -0.043566 -0.142762 -0.064942
v -0.045179 -0.142247 -0.068638
v -0.047175 -0.145138 -0.069270
v -0.047243 -0.139085 -0.070142
v -0.159464 -0.240536 -0.057326
v -0.155633 -0.235901 -0.064112
v -0.150433 -0.241101 -0.056758
v -0.158702 -0.238819 -0.061852
v -0.155478 -0.240944 -0.060433
v -0.152316 -0.239218 -0.061449
v -0.155025 -0.242496 -0.056651
v -0.108957 -0.074891 -0.089900
v -0.110271 -0.082043 -0.094585
v -0.117374 -0.074939 -0.091893
v -0.108133 -0.078194 -0.093216
v -0.111478 -0.075948 -0.093761
v -0.114085 -0.078228 -0.094625
v -0.113156 -0.073171 -0.091312
v -0.214837 -0.185163 -0.078309
v -0.214961 -0.176574 -0.081210
v -0.207857 -0.183677 -0.083901
v -0.216607 -0.180913 -0.079987
v -0.213852 -0.182570 -0.082553
v -0.211671 -0.179863 -0.083941
v -0.211584 -0.185936 -0.081891
v -0.155493 -0.028355 -0.024089
v -0.161135 -0.031179 -0.030006
v -0.163038 -0.029275 -0.019960
v -0.157731 -0.028596 -0.028274
v -0.160012 -0.027414 -0.025123
v -0.163066 -0.029247 -0.025355
v -0.159077 -0.027250 -0.021170
v -0.255373 -0.144627 -0.020983
v -0.255094 -0.136440 -0.017098
v -0.253191 -0.138343 -0.027144
v -0.256666 -0.140855 -0.018136
v -0.256585 -0.139837 -0.022120
v -0.255123 -0.136412 -0.022492
v -0.255320 -0.142201 -0.025239
v -0.200000 -0.102086 -0.072500
v -0.200000 -0.092000 -0.062500
v -0.200000 -0.094954 -0.069571
v -0.200000 -0.102086 0.072500
v -0.200000 -0.092000 0.062500
v -0.200000 -0.094954 0.069571
v -0.174658 -0.105423 -0.072500
v -0.172048 -0.095680 -0.062500
v -0.172812 -0.098534 -0.069571
v -0.174658 -0.105423 0.072500
v -0.172048 -0.095680 0.062500
v -0.172812 -0.098534 0.069571
v -0.151043 -0.115204 -0.072500
v -0.146000 -0.106469 -0.062500
v -0.147477 -0.109028 -0.069571
v -0.151043 -0.115204 0.072500
v -0.146000 -0.106469 0.062500
v -0.147477 -0.109028 0.069571
v -0.130765 -0.130765 -0.072500
v -0.123632 -0.123632 -0.062500
v -0.125721 -0.125721 -0.069571
v -0.130765 -0.130765 0.072500
v -0.123632 -0.123632 0.062500
v -0.125721 -0.125721 0.069571
v -0.115204 -0.151043 -0.072500
v -0.106469 -0.146000 -0.062500
v -0.109028 -0.147477 -0.069571
v -0.115204 -0.151043 0.072500
v -0.106469 -0.146000 0.062500
v -0.109028 -0.147477 0.069571
v -0.105423 -0.174658 -0.072500
v -0.095680 -0.172048 -0.062500
v -0.098534 -0.172812 -0.069571
v -0.105423 -0.174658 0.072500
v -0.095680 -0.172048 0.062500
v -0.098534 -0.172812 0.069571
v -0.102086 -0.200000 -0.072500
v -0.092000 -0.200000 -0.062500
v -0.094954 -0.200000 -0.069571
v -0.102086 -0.200000 0.072500
v -0.092000 -0.200000 0.062500
v -0.094954 -0.200000 0.069571
v -0.105423 -0.225342 -0.072500
v -0.095680 -0.227952 -0.062500
v -0.098534 -0.227188 -0.069571
v -0.105423 -0.225342 0.072500
v -0.095680 -0.227952 0.062500
v -0.098534 -0.227188 0.069571
v -0.115204 -0.248957 -0.072500
v -0.106469 -0.254000 -0.062500
v -0.109028 -0.252523 -0.069571
v -0.115204 -0.248957 0.072500
v -0.106469 -0.254000 0.062500
v -0.109028 -0.252523 0.069571
v -0.130765 -0.269235 -0.072500
v -0.123632 -0.276368 -0.062500
v -0.125721 -0.274279 -0.069571
v -0.130765 -0.269235 0.072500
v -0.123632 -0.276368 0.062500
v -0.125721 -0.274279 0.069571
v -0.151043 -0.284796 -0.072500
v -0.146000 -0.293531 -0.062500
v -0.147477 -0.290972 -0.069571
v -0.151043 -0.284796 0.072500
v -0.146000 -0.293531 0.062500
v -0.147477 -0.290972 0.069571
v -0.174658 -0.294577 -0.072500
v -0.172048 -0.304320 -0.062500
v -0.172812 -0.301466 -0.069571
v -0.174658 -0.294577 0.072500
v -0.172048 -0.304320 0.062500
v -0.172812 -0.301466 0.069571
v -0.200000 -0.297914 -0.072500
v -0.200000 -0.308000 -0.062500
v -0.200000 -0.305046 -0.069571
v -0.200000 -0.297914 0.072500
v -0.200000 -0.308000 0.062500
v -0.200000 -0.305046 0.069571
v -0.225342 -0.294577 -0.072500
v -0.227952 -0.304320 -0.062500
v -0.227188 -0.301466 -0.069571
v -0.225342 -0.294577 0.072500
v -0.227952 -0.304320 0.062500
v -0.227188 -0.301466 0.069571
v -0.248957 -0.284796 -0.072500
v -0.254000 -0.293531 -0.062500
v -0.252523 -0.290972 -0.069571
v -0.248957 -0.284796 0.072500
v -0.254000 -0.293531 0.062500
v -0.252523 -0.290972 0.069571
v -0.269235 -0.269235 -0.072500
v -0.276368 -0.276368 -0.062500
v -0.274279 -0.274279 -0.069571
v -0.269235 -0.269235 0.072500
v -0.276368 -0.276368 0.062500
v -0.274279 -0.274279 0.069571
v -0.284796 -0.248957 -0.072500
v -0.293531 -0.254000 -0.062500
v -0.290972 -0.252523 -0.069571
v -0.284796 -0.248957 0.072500
v -0.293531 -0.254000 0.062500
v -0.290972 -0.252523 0.069571
v -0.294577 -0.225342 -0.072500
v -0.304320 -0.227952 -0.062500
v -0.301466 -0.227188 -0.069571
v -0.294577 -0.225342 0.072500
v -0.304320 -0.227952 0.062500
v -0.301466 -0.227188 0.069571
v -0.297914 -0.200000 -0.072500
v -0.308000 -0.200000 -0.062500
v -0.305046 -0.200000 -0.069571
v -0.297914 -0.200000 0.072500
v -0.308000 -0.200000 0.062500
v -0.305046 -0.200000 0.069571
v -0.294577 -0.174658 -0.072500
v -0.304320 -0.172048 -0.062500
v -0.301466 -0.172812 -0.069571
v -0.294577 -0.174658 0.072500
v -0.304320 -0.172048 0.062500
v -0.301466 -0.172812 0.069571
v -0.284796 -0.151043 -0.072500
v -0.293531 -0.146000 -0.062500
v -0.290972 -0.147477 -0.069571
v -0.284796 -0.151043 0.072500
v -0.293531 -0.146000 0.062500
v -0.290972 -0.147477 0.069571
v -0.269235 -0.130765 -0.072500
v -0.276368 -0.123632 -0.062500
v -0.274279 -0.125721 -0.069571
v -0.269235 -0.130765 0.072500
v -0.276368 -0.123632 0.062500
v -0.274279 -0.125721 0.069571
v -0.248957 -0.115204 -0.072500
v -0.254000 -0.106469 -0.062500
v -0.252523 -0.109028 -0.069571
v -0.248957 -0.115204 0.072500
v -0.254000 -0.106469 0.062500
v -0.252523 -0.109028 0.069571
v -0.225342 -0.105423 -0.072500
v -0.227952 -0.095680 -0.062500
v -0.227188 -0.098534 -0.069571
v -0.225342 -0.105423 0.072500
v -0.227952 -0.095680 0.062500
v -0.227188 -0.098534 0.069571
v 0.138460 -0.045388 0.065812
v 0.141821 -0.050493 0.071932
v 0.147021 -0.045293 0.064578
v 0.139085 -0.047243 0.070142
v 0.142247 -0.045179 0.068638
v 0.145138 -0.047175 0.069270
v 0.142762 -0.043566 0.064942
v 0.240536 -0.159464 0.057326
v 0.241101 -0.150433 0.056758
v 0.235901 -0.155633 0.064112
v 0.242496 -0.155025 0.056651
v 0.240944 -0.155478 0.060433
v 0.239218 -0.152316 0.061449
v 0.238819 -0.158702 0.061852
v 0.155493 -0.028355 -0.024089
v 0.163038 -0.029275 -0.019960
v 0.161135 -0.031179 -0.030006
v 0.159077 -0.027250 -0.021170
v 0.160012 -0.027414 -0.025123
v 0.163066 -0.029247 -0.025355
v 0.157731 -0.028596 -0.028274
v 0.255373 -0.144627 -0.020983
v 0.253191 -0.138343 -0.027144
v 0.255094 -0.136440 -0.017098
v 0.255320 -0.142201 -0.025239
v 0.256585 -0.139837 -0.022120
v 0.255123 -0.136412 -0.022492
v 0.256666 -0.140855 -0.018136
v 0.108957 -0.074891 -0.089900
v 0.117374 -0.074939 -0.091893
v 0.110271 -0.082043 -0.094585
v 0.113156 -0.073171 -0.091312
v 0.111478 -0.075948 -0.093761
v 0.114085 -0.078228 -0.094625
v 0.108133 -0.078194 -0.093216
v 0.214837 -0.185163 -0.078309
v 0.207857 -0.183677 -0.083901
v 0.214961 -0.176574 -0.081210
v 0.211584 -0.185936 -0.081891
v 0.213852 -0.182570 -0.082553
v 0.211671 -0.179863 -0.083941
v 0.216607 -0.180913 -0.079987
v 0.045388 -0.138460 -0.065812
v 0.050493 -0.141821 -0.071932
v 0.045293 -0.147021 -0.064578
v 0.047243 -0.139085 -0.070142
v 0.045179 -0.142247 -0.068638
v 0.047175 -0.145138 -0.069270
v 0.043566 -0.142762 -0.064942
v 0.159464 -0.240536 -0.057326
v 0.150433 -0.241101 -0.056758
v 0.155633 -0.235901 -0.064112
v 0.155025 -0.242496 -0.056651
v 0.155478 -0.240944 -0.060433
v 0.152316 -0.239218 -0.061449
v 0.158702 -0.238819 -0.061852
v 0.028355 -0.155493 0.024089
v 0.029275 -0.163038 0.019960
v 0.031179 -0.161135 0.030006
v 0.027250 -0.159077 0.021170
v 0.027414 -0.160012 0.025123
v 0.029247 -0.163066 0.025355
v 0.028596 -0.157731 0.028274
v 0.144627 -0.255373 0.020983
v 0.138343 -0.253191 0.027144
v 0.136440 -0.255094 0.017098
v 0.142201 -0.255320 0.025239
v 0.139837 -0.256585 0.022120
v 0.136412 -0.255123 0.022492
v 0.140855 -0.256666 0.018136
v 0.074891 -0.108957 0.089900
v 0.074939 -0.117374 0.091893
v 0.082043 -0.110271 0.094585
v 0.073171 -0.113156 0.091312
v 0.075948 -0.111478 0.093761
v 0.078228 -0.114085 0.094625
v 0.078194 -0.108133 0.093216
v 0.185163 -0.214837 0.078309
v 0.183677 -0.207857 0.083901
v 0.176574 -0.214961 0.081210
v 0.185936 -0.211584 0.081891
v 0.182570 -0.213852 0.082553
v 0.179863 -0.211671 0.083941
v 0.180913 -0.216607 0.079987
v 0.200000 -0.102086 -0.072500
v 0.200000 -0.092000 -0.062500
v 0.200000 -0.094954 -0.069571
v 0.200000 -0.102086 0.072500
v 0.200000 -0.092000 0.062500
v 0.200000 -0.094954 0.069571
v 0.225342 -0.105423 -0.072500
v 0.227952 -0.095680 -0.062500
v 0.227188 -0.098534 -0.069571
v 0.225342 -0.105423 0.072500
v 0.227952 -0.095680 0.062500
v 0.227188 -0.098534 0.069571
v 0.248957 -0.115204 -0.072500
v 0.254000 -0.106469 -0.062500
v 0.252523 -0.109028 -0.069571
v 0.248957 -0.115204 0.072500
v 0.254000 -0.106469 0.062500
v 0.252523 -0.109028 0.069571
v 0.269235 -0.130765 -0.072500
v 0.276368 -0.123632 -0.062500
v 0.274279 -0.125721 -0.069571
v 0.269235 -0.130765 0.072500
v 0.276368 -0.123632 0.062500
v 0.274279 -0.125721 0.069571
v 0.284796 -0.151043 -0.072500
v 0.293531 -0.146000 -0.062500
v 0.290972 -0.147477 -0.069571
v 0.284796 -0.151043 0.072500
v 0.293531 -0.146000 0.062500
v 0.290972 -0.147477 0.069571
v 0.294577 -0.174658 -0.072500
v 0.304320 -0.172048 -0.062500
v 0.301466 -0.172812 -0.069571
v 0.294577 -0.174658 0.072500
v 0.304320 -0.172048 0.062500
v 0.301466 -0.172812 0.069571
v 0.297914 -0.200000 -0.072500
v 0.308000 -0.200000 -0.062500
v 0.305046 -0.200000 -0.069571
v 0.297914 -0.200000 0.072500
v 0.308000 -0.200000 0.062500
v 0.305046 -0.200000 0.069571
v 0.294577 -0.225342 -0.072500
v 0.304320 -0.227952 -0.062500
v 0.301466 -0.227188 -0.069571
v 0.294577 -0.225342 0.072500
v 0.304320 -0.227952 0.062500
v 0.301466 -0.227188 0.069571
v 0.284796 -0.248957 -0.072500
v 0.293531 -0.254000 -0.062500
v 0.290972 -0.252523 -0.069571
v 0.284796 -0.248957 0.072500
v 0.293531 -0.254000 0.062500
v 0.290972 -0.252523 0.069571
v 0.269235 -0.269235 -0.072500
v 0.276368 -0.276368 -0.062500
v 0.274279 -0.274279 -0.069571
v 0.269235 -0.269235 0.072500
v 0.276368 -0.276368 0.062500
v 0.274279 -0.274279 0.069571
v 0.248957 -0.284796 -0.072500
v 0.254000 -0.293531 -0.062500
v 0.252523 -0.290972 -0.069571
v 0.248957 -0.284796 0.072500
v 0.254000 -0.293531 0.062500
v 0.252523 -0.290972 0.069571
v 0.225342 -0.294577 -0.072500
v 0.227952 -0.304320 -0.062500
v 0.227188 -0.301466 -0.069571
v 0.225342 -0.294577 0.072500
v 0.227952 -0.304320 0.062500
v 0.227188 -0.301466 0.069571
v 0.200000 -0.297914 -0.072500
v 0.200000 -0.308000 -0.062500
v 0.200000 -0.305046 -0.069571
v 0.200000 -0.297914 0.072500
v 0.200000 -0.308000 0.062500
v 0.200000 -0.305046 0.069571
v 0.174658 -0.294577 -0.072500
v 0.172048 -0.304320 -0.062500
v 0.172812 -0.301466 -0.069571
v 0.174658 -0.294577 0.072500
v 0.172048 -0.304320 0.062500
v 0.172812 -0.301466 0.069571
v 0.151043 -0.284796 -0.072500
v 0.146000 -0.293531 -0.062500
v 0.147477 -0.290972 -0.069571
v 0.151043 -0.284796 0.072500
v 0.146000 -0.293531 0.062500
v 0.147477 -0.290972 0.069571
v 0.130765 -0.269235 -0.072500
v 0.123632 -0.276368 -0.062500
v 0.125721 -0.274279 -0.069571
v 0.130765 -0.269235 0.072500
v 0.123632 -0.276368 0.062500
v 0.125721 -0.274279 0.069571
v 0.115204 -0.248957 -0.072500
v 0.106469 -0.254000 -0.062500
v 0.109028 -0.252523 -0.069571
v 0.115204 -0.248957 0.072500
v 0.106469 -0.254000 0.062500
v 0.109028 -0.252523 0.069571
v 0.105423 -0.225342 -0.072500
v 0.095680 -0.227952 -0.062500
v 0.098534 -0.227188 -0.069571
v 0.105423 -0.225342 0.072500
v 0.095680 -0.227952 0.062500
v 0.098534 -0.227188 0.069571
v 0.102086 -0.200000 -0.072500
v 0.092000 -0.200000 -0.062500
v 0.094954 -0.200000 -0.069571
v 0.102086 -0.200000 0.072500
v 0.092000 -0.200000 0.062500
v 0.094954 -0.200000 0.069571
v 0.105423 -0.174658 -0.072500
v 0.095680 -0.172048 -0.062500
v 0.098534 -0.172812 -0.069571
v 0.105423 -0.174658 0.072500
v 0.095680 -0.172048 0.062500
v 0.098534 -0.172812 0.069571
v 0.115204 -0.151043 -0.072500
v 0.106469 -0.146000 -0.062500
v 0.109028 -0.147477 -0.069571
v 0.115204 -0.151043 0.072500
v 0.106469 -0.146000 0.062500
v 0.109028 -0.147477 0.069571
v 0.130765 -0.130765 -0.072500
v 0.123632 -0.123632 -0.062500
v 0.125721 -0.125721 -0.069571
v 0.130765 -0.130765 0.072500
v 0.123632 -0.123632 0.062500
v 0.125721 -0.125721 0.069571
v 0.151043 -0.115204 -0.072500
v 0.146000 -0.106469 -0.062500
v 0.147477 -0.109028 -0.069571
v 0.151043 -0.115204 0.072500
v 0.146000 -0.106469 0.062500
v 0.147477 -0.109028 0.069571
v 0.174658 -0.105423 -0.072500
v 0.172048 -0.095680 -0.062500
v 0.172812 -0.098534 -0.069571
v 0.174658 -0.105423 0.072500
v 0.172048 -0.095680 0.062500
v 0.172812 -0.098534 0.069571
v 0.231100 -0.061500 0.027000
v 0.231100 -0.062500 0.027496
v 0.230500 -0.061500 0.027496
v 0.231100 -0.062207 0.027145
v 0.230754 -0.062077 0.027210
v 0.230676 -0.062207 0.027496
v 0.230676 -0.061500 0.027145
v 0.231100 -0.062500 0.088504
v 0.231100 -0.061500 0.089000
v 0.230500 -0.061500 0.088504
v 0.231100 -0.062207 0.088855
v 0.230754 -0.062077 0.088790
v 0.230676 -0.061500 0.088855
v 0.230676 -0.062207 0.088504
v 0.231100 0.061500 0.027000
v 0.230500 0.061500 0.027496
v 0.231100 0.062500 0.027496
v 0.230676 0.061500 0.027145
v 0.230754 0.062077 0.027210
v 0.230676 0.062207 0.027496
v 0.231100 0.062207 0.027145
v 0.231100 0.061500 0.089000
v 0.231100 0.062500 0.088504
v 0.230500 0.061500 0.088504
v 0.231100 0.062207 0.088855
v 0.230754 0.062077 0.088790
v 0.230676 0.062207 0.088504
v 0.230676 0.061500 0.088855
v 0.304900 -0.061500 0.027000
v 0.305500 -0.061500 0.027496
v 0.304900 -0.062500 0.027496
v 0.305324 -0.061500 0.027145
v 0.305246 -0.062077 0.027210
v 0.305324 -0.062207 0.027496
v 0.304900 -0.062207 0.027145
v 0.304900 -0.061500 0.089000
v 0.304900 -0.062500 0.088504
v 0.305500 -0.061500 0.088504
v 0.304900 -0.062207 0.088855
v 0.305246 -0.062077 0.088790
v 0.305324 -0.062207 0.088504
v 0.305324 -0.061500 0.088855
v 0.304900 0.061500 0.027000
v 0.304900 0.062500 0.027496
v 0.305500 0.061500 0.027496
v 0.304900 0.062207 0.027145
v 0.305246 0.062077 0.027210
v 0.305324 0.062207 0.027496
v 0.305324 0.061500 0.027145
v 0.304900 0.061500 0.089000
v 0.305500 0.061500 0.088504
v 0.304900 0.062500 0.088504
v 0.305324 0.061500 0.088855
v 0.305246 0.062077 0.088790
v 0.305324 0.062207 0.088504
v 0.304900 0.062207 0.088855
vn -0.11877 0.23799 -0.96398
vn -0.39584 0.47056 -0.78859
vn -0.20981 0.58465 -0.78368
vn -0.04517 0.48445 -0.87365
vn -0.59311 0.66635 -0.45188
vn -0.50782 0.73285 -0.45282
vn -0.23461 0.63178 -0.73879
vn -0.62041 0.77485 -0.12125
vn -0.44739 0.89072 -0.08037
vn -0.49084 0.77185 -0.40414
vn -0.25754 0.96390 -0.06756
vn -0.25961 0.91699 -0.30289
vn -0.47365 0.83959 -0.26599
vn -0.06875 0.98692 -0.14579
vn -0.05161 0.83223 -0.55203
vn -0.26863 0.74456 -0.61112
vn -0.06347 0.18994 0.97974
vn -0.05284 0.61264 0.78859
vn -0.26505 0.56177 0.78368
vn -0.31062 0.37449 0.87365
vn -0.05179 0.89058 0.45188
vn -0.15912 0.87729 0.45282
vn -0.28084 0.61263 0.73879
vn -0.10921 0.98660 0.12125
vn -0.31348 0.94619 0.08037
vn -0.19870 0.89285 0.40414
vn -0.49947 0.86369 0.06756
vn -0.46484 0.83198 0.30289
vn -0.25876 0.92860 0.26599
vn -0.64925 0.74647 0.14579
vn -0.55198 0.62496 0.55203
vn -0.33653 0.71644 0.61112
vn 0.06347 0.18994 -0.97974
vn 0.05284 0.61264 -0.78859
vn 0.26505 0.56177 -0.78368
vn 0.31062 0.37449 -0.87365
vn 0.05179 0.89058 -0.45188
vn 0.15912 0.87729 -0.45282
vn 0.28084 0.61263 -0.73879
vn 0.10921 0.98660 -0.12125
vn 0.31348 0.94619 -0.08037
vn 0.19870 0.89285 -0.40414
vn 0.49947 0.86369 -0.06756
vn 0.46484 0.83198 -0.30289
vn 0.25876 0.92860 -0.26599
vn 0.64925 0.74647 -0.14579
vn 0.55198 0.62496 -0.55203
vn 0.33654 0.71644 -0.61112
vn 0.11877 0.23799 0.96398
vn 0.39584 0.47056 0.78859
vn 0.20981 0.58465 0.78368
vn 0.04517 0.48445 0.87365
vn 0.59311 0.66635 0.45188
vn 0.50782 0.73285 0.45282
vn 0.23461 0.63178 0.73879
vn 0.62041 0.77485 0.12125
vn 0.44739 0.89072 0.08037
vn 0.49084 0.77185 0.40414
vn 0.25754 0.96390 0.06756
vn 0.25961 0.91699 0.30289
vn 0.47365 0.83959 0.26599
vn 0.06875 0.98692 0.14579
vn 0.05161 0.83223 0.55203
vn 0.26863 0.74456 0.61112
vn 0.23799 0.11877 -0.96398
vn 0.47056 0.39584 -0.78859
vn 0.58465 0.20981 -0.78368
vn 0.48445 0.04517 -0.87365
vn 0.66635 0.59311 -0.45188
vn 0.73285 0.50782 -0.45282
vn 0.63178 0.23461 -0.73879
vn 0.77485 0.62041 -0.12125
vn 0.89072 0.44739 -0.08037
vn 0.77185 0.49084 -0.40414
vn 0.96390 0.25754 -0.06756
vn 0.91699 0.25961 -0.30289
vn 0.83959 0.47365 -0.26599
vn 0.98692 0.06875 -0.14579
vn 0.83223 0.05161 -0.55203
vn 0.74456 0.26863 -0.61112
vn 0.16888 0.05644 0.98402
vn 0.61264 0.05284 0.78859
vn 0.56177 0.26505 0.78368
vn 0.37449 0.31062 0.87365
vn 0.89058 0.05179 0.45188
vn 0.87729 0.15912 0.45282
vn 0.61263 0.28084 0.73879
vn 0.98660 0.10921 0.12125
vn 0.94619 0.31348 0.08037
vn 0.89285 0.19870 0.40414
vn 0.86369 0.49947 0.06756
vn 0.83198 0.46484 0.30289
vn 0.92860 0.25876 0.26599
vn 0.74647 0.64925 0.14579
vn 0.62496 0.55198 0.55203
vn 0.71644 0.33653 0.61112
vn 0.16888 -0.05644 -0.98402
vn 0.61264 -0.05284 -0.78859
vn 0.56177 -0.26505 -0.78368
vn 0.37449 -0.31062 -0.87365
vn 0.89058 -0.05179 -0.45188
vn 0.87729 -0.15912 -0.45282
vn 0.61263 -0.28084 -0.73879
vn 0.98660 -0.10921 -0.12125
vn 0.94619 -0.31348 -0.08037
vn 0.89285 -0.19870 -0.40414
vn 0.86369 -0.49947 -0.06756
vn 0.83198 -0.46484 -0.30289
vn 0.92860 -0.25876 -0.26599
vn 0.74647 -0.64925 -0.14579
vn 0.62496 -0.55198 -0.55203
vn 0.71644 -0.33654 -0.61112
vn 0.23799 -0.11877 0.96398
vn 0.47056 -0.39584 0.78859
vn 0.58465 -0.20981 0.78368
vn 0.48445 -0.04517 0.87365
vn 0.66635 -0.59311 0.45188
vn 0.73285 -0.50782 0.45282
vn 0.63178 -0.23461 0.73879
vn 0.77485 -0.62041 0.12125
vn 0.89072 -0.44739 0.08037
vn 0.77185 -0.49084 0.40414
vn 0.96390 -0.25754 0.06756
vn 0.91699 -0.25961 0.30289
vn 0.83959 -0.47365 0.26599
vn 0.98692 -0.06875 0.14579
vn 0.83223 -0.05161 0.55203
vn 0.74456 -0.26863 0.61112
vn 0.11877 -0.23799 -0.96398
vn 0.39584 -0.47056 -0.78859
vn 0.20981 -0.58465 -0.78368
vn 0.04517 -0.48445 -0.87365
vn 0.59311 -0.66635 -0.45188
vn 0.50782 -0.73285 -0.45282
vn 0.23461 -0.63178 -0.73879
vn 0.62041 -0.77485 -0.12125
vn 0.44739 -0.89072 -0.08037
vn 0.49084 -0.77185 -0.40414
vn 0.25754 -0.96390 -0.06756
vn 0.25961 -0.91699 -0.30289
vn 0.47365 -0.83959 -0.26599
vn 0.06875 -0.98692 -0.14579
vn 0.05161 -0.83223 -0.55203
vn 0.26863 -0.74456 -0.61112
vn 0.06347 -0.18994 0.97974
vn 0.05284 -0.61264 0.78859
vn 0.26505 -0.56177 0.78368
vn 0.31062 -0.37449 0.87365
vn 0.05179 -0.89058 0.45188
vn 0.15912 -0.87729 0.45282
vn 0.28084 -0.61263 0.73879
vn 0.10921 -0.98660 0.12125
vn 0.31348 -0.94619 0.08037
vn 0.19870 -0.89285 0.40414
vn 0.49947 -0.86369 0.06756
vn 0.46484 -0.83198 0.30289
vn 0.25876 -0.92860 0.26599
vn 0.64925 -0.74647 0.14579
vn 0.55198 -0.62496 0.55203
vn 0.33653 -0.71644 0.61112
vn -0.06347 -0.18994 -0.97974
vn -0.05284 -0.61264 -0.78859
vn -0.26505 -0.56177 -0.78368
vn -0.31062 -0.37449 -0.87365
vn -0.05179 -0.89058 -0.45188
vn -0.15912 -0.87729 -0.45282
vn -0.28084 -0.61263 -0.73879
vn -0.10921 -0.98660 -0.12125
vn -0.31348 -0.94619 -0.08037
vn -0.19870 -0.89285 -0.40414
vn -0.49947 -0.86369 -0.06756
vn -0.46484 -0.83198 -0.30289
vn -0.25876 -0.92860 -0.26599
vn -0.64925 -0.74647 -0.14579
vn -0.55198 -0.62496 -0.55203
vn -0.33654 -0.71644 -0.61112
vn -0.11877 -0.23799 0.96398
vn -0.39584 -0.47056 0.78859
vn -0.20981 -0.58465 0.78368
vn -0.04517 -0.48445 0.87365
vn -0.59311 -0.66635 0.45188
vn -0.50782 -0.73285 0.45282
vn -0.23461 -0.63178 0.73879
vn -0.62041 -0.77485 0.12125
vn -0.44739 -0.89072 0.08037
vn -0.49084 -0.77185 0.40414
vn -0.25754 -0.96390 0.06756
vn -0.25961 -0.91699 0.30289
vn -0.47365 -0.83959 0.26599
vn -0.06875 -0.98692 0.14579
vn -0.05161 -0.83223 0.55203
vn -0.26863 -0.74456 0.61112
vn -0.23799 -0.11877 -0.96398
vn -0.47056 -0.39584 -0.78859
vn -0.58465 -0.20981 -0.78368
vn -0.48445 -0.04517 -0.87365
vn -0.66635 -0.59311 -0.45188
vn -0.73285 -0.50782 -0.45282
vn -0.63178 -0.23461 -0.73879
vn -0.77485 -0.62041 -0.12125
vn -0.89072 -0.44739 -0.08037
vn -0.77185 -0.49084 -0.40414
vn -0.96390 -0.25754 -0.06756
vn -0.91699 -0.25961 -0.30289
vn -0.83959 -0.47365 -0.26599
vn -0.98692 -0.06875 -0.14579
vn -0.83223 -0.05161 -0.55203
vn -0.74456 -0.26863 -0.61112
vn -0.16888 -0.05644 0.98402
vn -0.61264 -0.05284 0.78859
vn -0.56177 -0.26505 0.78368
vn -0.37449 -0.31062 0.87365
vn -0.89058 -0.05179 0.45188
vn -0.87729 -0.15912 0.45282
vn -0.61263 -0.28084 0.73879
vn -0.98660 -0.10921 0.12125
vn -0.94619 -0.31348 0.08037
vn -0.89285 -0.19870 0.40414
vn -0.86369 -0.49947 0.06756
vn -0.83198 -0.46484 0.30289
vn -0.92860 -0.25876 0.26599
vn -0.74647 -0.64925 0.14579
vn -0.62496 -0.55198 0.55203
vn -0.71644 -0.33653 0.61112
vn -0.16888 0.05644 -0.98402
vn -0.61264 0.05284 -0.78859
vn -0.56177 0.26505 -0.78368
vn -0.37449 0.31062 -0.87365
vn -0.89058 0.05179 -0.45188
vn -0.87729 0.15912 -0.45282
vn -0.61263 0.28084 -0.73879
vn -0.98660 0.10921 -0.12125
vn -0.94619 0.31348 -0.08037
vn -0.89285 0.19870 -0.40414
vn -0.86369 0.49947 -0.06756
vn -0.83198 0.46484 -0.30289
vn -0.92860 0.25876 -0.26599
vn -0.74647 0.64925 -0.14579
vn -0.62496 0.55198 -0.55203
vn -0.71644 0.33654 -0.61112
vn -0.23799 0.11877 0.96398
vn -0.47056 0.39584 0.78859
vn -0.58465 0.20981 0.78368
vn -0.48445 0.04517 0.87365
vn -0.66635 0.59311 0.45188
vn -0.73285 0.50782 0.45282
vn -0.63178 0.23461 0.73879
vn -0.77485 0.62041 0.12125
vn -0.89072 0.44739 0.08037
vn -0.77185 0.49084 0.40414
vn -0.96390 0.25754 0.06756
vn -0.91699 0.25961 0.30289
vn -0.83959 0.47365 0.26599
vn -0.98692 0.06875 0.14579
vn -0.83223 0.05161 0.55203
vn -0.74456 0.26863 0.61112
vn -0.00321 0.49523 0.86876
vn -0.00278 0.31159 0.95021
vn 0.05806 0.30614 0.95021
vn 0.09347 0.48634 0.86876
vn 0.00278 0.31159 -0.95021
vn 0.00321 0.49523 -0.86876
vn 0.09976 0.48508 -0.86876
vn 0.06351 0.30506 -0.95021
vn 0.00282 0.90728 -0.42053
vn -0.00000 1.00000 -0.00000
vn 0.19509 0.98079 -0.00000
vn 0.17977 0.88929 -0.42053
vn -0.00355 0.70476 0.70944
vn 0.13401 0.69191 0.70944
vn 0.00446 0.16545 -0.98621
vn 0.03666 0.16140 -0.98621
vn -0.00446 0.16545 0.98621
vn -0.00000 0.00000 1.00000
vn 0.02790 0.16314 0.98621
vn 0.00354 0.70476 -0.70944
vn 0.14097 0.69052 -0.70944
vn -0.00282 0.90728 0.42053
vn 0.17424 0.89039 0.42053
vn -0.00000 -0.00000 -1.00000
vn 0.05919 0.15456 0.98621
vn 0.34980 0.83713 -0.42053
vn 0.27297 0.64975 -0.70944
vn 0.26642 0.65247 0.70944
vn 0.34460 0.83929 0.42053
vn 0.06744 0.15115 -0.98621
vn 0.11667 0.28893 0.95021
vn 0.19248 0.45630 -0.86876
vn 0.38268 0.92388 -0.00000
vn 0.18655 0.45876 0.86876
vn 0.12181 0.28681 -0.95021
vn 0.27780 0.40998 -0.86876
vn 0.17542 0.25753 -0.95021
vn 0.55557 0.83147 -0.00000
vn 0.50640 0.75281 -0.42053
vn 0.27246 0.41355 0.86876
vn 0.38859 0.58795 0.70944
vn 0.09563 0.13509 -0.98621
vn 0.08821 0.14005 0.98621
vn 0.39449 0.58401 -0.70944
vn 0.50171 0.75594 0.42053
vn 0.17080 0.26062 0.95021
vn 0.11383 0.12015 0.98621
vn 0.21836 0.22229 0.95021
vn 0.50084 0.49583 -0.70944
vn 0.35245 0.34791 -0.86876
vn 0.63955 0.64353 0.42053
vn 0.70711 0.70711 -0.00000
vn 0.34791 0.35245 0.86876
vn 0.22229 0.21836 -0.95021
vn 0.64353 0.63955 -0.42053
vn 0.49583 0.50084 0.70944
vn 0.12015 0.11383 -0.98621
vn 0.26062 0.17080 -0.95021
vn 0.14005 0.08821 -0.98621
vn 0.13509 0.09563 0.98621
vn 0.75594 0.50171 -0.42053
vn 0.58795 0.38859 -0.70944
vn 0.58401 0.39449 0.70944
vn 0.75281 0.50640 0.42053
vn 0.25753 0.17542 0.95021
vn 0.41355 0.27246 -0.86876
vn 0.83147 0.55557 0.00000
vn 0.40998 0.27780 0.86876
vn 0.28681 0.12181 0.95021
vn 0.45630 0.19248 0.86876
vn 0.45876 0.18655 -0.86876
vn 0.28893 0.11667 -0.95021
vn 0.92388 0.38268 0.00000
vn 0.83929 0.34459 -0.42053
vn 0.64975 0.27297 0.70944
vn 0.15456 0.05919 -0.98621
vn 0.15115 0.06744 0.98621
vn 0.65247 0.26642 -0.70944
vn 0.83714 0.34980 0.42053
vn 0.16314 0.02790 -0.98621
vn 0.16140 0.03666 0.98621
vn 0.30506 0.06351 0.95021
vn 0.69191 0.13401 -0.70944
vn 0.48634 0.09347 -0.86876
vn 0.88929 0.17977 0.42053
vn 0.98079 0.19509 0.00000
vn 0.48508 0.09976 0.86876
vn 0.30614 0.05806 -0.95021
vn 0.89039 0.17424 -0.42053
vn 0.69052 0.14097 0.70944
vn 0.49523 0.00321 0.86876
vn 0.70476 0.00354 0.70944
vn 0.31159 -0.00278 -0.95021
vn 0.16545 -0.00446 -0.98621
vn 0.16545 0.00446 0.98621
vn 0.90728 -0.00282 -0.42053
vn 0.70476 -0.00354 -0.70944
vn 0.90728 0.00282 0.42053
vn 0.31159 0.00278 0.95021
vn 0.49523 -0.00321 -0.86876
vn 1.00000 -0.00000 -0.00000
vn 0.30614 -0.05806 0.95021
vn 0.48634 -0.09347 0.86876
vn 0.48508 -0.09976 -0.86876
vn 0.30506 -0.06351 -0.95021
vn 0.98079 -0.19509 0.00000
vn 0.88929 -0.17977 -0.42053
vn 0.69191 -0.13401 0.70944
vn 0.16140 -0.03666 -0.98621
vn 0.16314 -0.02790 0.98621
vn 0.69052 -0.14097 -0.70944
vn 0.89039 -0.17424 0.42053
vn 0.65247 -0.26642 0.70944
vn 0.83929 -0.34460 0.42053
vn 0.15115 -0.06744 -0.98621
vn 0.15456 -0.05919 0.98621
vn 0.28893 -0.11667 0.95021
vn 0.64975 -0.27297 -0.70944
vn 0.45630 -0.19248 -0.86876
vn 0.92388 -0.38268 0.00000
vn 0.45876 -0.18655 0.86876
vn 0.28681 -0.12181 -0.95021
vn 0.83713 -0.34980 -0.42053
vn 0.41355 -0.27246 0.86876
vn 0.58795 -0.38859 0.70944
vn 0.25753 -0.17542 -0.95021
vn 0.13509 -0.09563 -0.98621
vn 0.14005 -0.08821 0.98621
vn 0.75281 -0.50640 -0.42053
vn 0.58401 -0.39449 -0.70944
vn 0.75594 -0.50171 0.42053
vn 0.26062 -0.17080 0.95021
vn 0.40998 -0.27780 -0.86876
vn 0.83147 -0.55557 0.00000
vn 0.64353 -0.63955 0.42053
vn 0.70711 -0.70711 0.00000
vn 0.22229 -0.21836 0.95021
vn 0.35245 -0.34791 0.86876
vn 0.34791 -0.35245 -0.86876
vn 0.21836 -0.22229 -0.95021
vn 0.63955 -0.64353 -0.42053
vn 0.50084 -0.49583 0.70944
vn 0.11383 -0.12015 -0.98621
vn 0.12015 -0.11383 0.98621
vn 0.49583 -0.50084 -0.70944
vn 0.39449 -0.58401 0.70944
vn 0.50640 -0.75281 0.42053
vn 0.08821 -0.14005 -0.98621
vn 0.09563 -0.13509 0.98621
vn 0.17542 -0.25753 0.95021
vn 0.38859 -0.58795 -0.70944
vn 0.27246 -0.41355 -0.86876
vn 0.55557 -0.83147 0.00000
vn 0.27780 -0.40998 0.86876
vn 0.17080 -0.26062 -0.95021
vn 0.50171 -0.75594 -0.42053
vn 0.38268 -0.92388 0.00000
vn 0.34459 -0.83929 -0.42053
vn 0.19248 -0.45630 0.86876
vn 0.27297 -0.64975 0.70944
vn 0.11667 -0.28893 -0.95021
vn 0.05919 -0.15456 -0.98621
vn 0.06744 -0.15115 0.98621
vn 0.26642 -0.65247 -0.70944
vn 0.34980 -0.83713 0.42053
vn 0.12181 -0.28681 0.95021
vn 0.18655 -0.45876 -0.86876
vn 0.17977 -0.88929 0.42053
vn 0.19509 -0.98079 0.00000
vn 0.06351 -0.30506 0.95021
vn 0.09976 -0.48508 0.86876
vn 0.09347 -0.48634 -0.86876
vn 0.05806 -0.30614 -0.95021
vn 0.17424 -0.89039 -0.42053
vn 0.14097 -0.69052 0.70944
vn 0.02790 -0.16314 -0.98621
vn 0.03666 -0.16140 0.98621
vn 0.13401 -0.69191 -0.70944
vn -0.00282 -0.90728 -0.42053
vn -0.00354 -0.70476 -0.70944
vn 0.00354 -0.70476 0.70944
vn 0.00282 -0.90728 0.42053
vn -0.00446 -0.16545 -0.98621
vn 0.00446 -0.16545 0.98621
vn 0.00278 -0.31159 0.95021
vn -0.00321 -0.49523 -0.86876
vn -0.00000 -1.00000 0.00000
vn 0.00321 -0.49523 0.86876
vn -0.00278 -0.31159 -0.95021
vn -0.19509 -0.98079 -0.00000
vn -0.17977 -0.88929 -0.42053
vn -0.09347 -0.48634 0.86876
vn -0.13401 -0.69191 0.70944
vn -0.06351 -0.30506 -0.95021
vn -0.03666 -0.16140 -0.98621
vn -0.02790 -0.16314 0.98621
vn -0.14097 -0.69052 -0.70944
vn -0.17424 -0.89039 0.42053
vn -0.05806 -0.30614 0.95021
vn -0.09976 -0.48508 -0.86876
vn -0.27297 -0.64975 -0.70944
vn -0.19248 -0.45630 -0.86876
vn -0.34460 -0.83929 0.42053
vn -0.38268 -0.92388 0.00000
vn -0.11667 -0.28893 0.95021
vn -0.18655 -0.45876 0.86876
vn -0.12181 -0.28681 -0.95021
vn -0.34980 -0.83713 -0.42053
vn -0.26642 -0.65247 0.70944
vn -0.06744 -0.15115 -0.98621
vn -0.05919 -0.15456 0.98621
vn -0.08821 -0.14005 0.98621
vn -0.50640 -0.75281 -0.42053
vn -0.39449 -0.58401 -0.70944
vn -0.38859 -0.58795 0.70944
vn -0.50171 -0.75594 0.42053
vn -0.09563 -0.13509 -0.98621
vn -0.17080 -0.26062 0.95021
vn -0.27780 -0.40998 -0.86876
vn -0.55557 -0.83147 0.00000
vn -0.27246 -0.41355 0.86876
vn -0.17542 -0.25753 -0.95021
vn -0.35245 -0.34791 -0.86876
vn -0.22229 -0.21836 -0.95021
vn -0.70711 -0.70711 0.00000
vn -0.64353 -0.63955 -0.42053
vn -0.34791 -0.35245 0.86876
vn -0.49583 -0.50084 0.70944
vn -0.12015 -0.11383 -0.98621
vn -0.11383 -0.12015 0.98621
vn -0.50084 -0.49583 -0.70944
vn -0.63955 -0.64353 0.42053
vn -0.21836 -0.22229 0.95021
vn -0.13509 -0.09563 0.98621
vn -0.25753 -0.17542 0.95021
vn -0.58795 -0.38859 -0.70944
vn -0.41355 -0.27246 -0.86876
vn -0.75281 -0.50640 0.42053
vn -0.83147 -0.55557 0.00000
vn -0.40998 -0.27780 0.86876
vn -0.26062 -0.17080 -0.95021
vn -0.75594 -0.50171 -0.42053
vn -0.58401 -0.39449 0.70944
vn -0.14005 -0.08821 -0.98621
vn -0.28893 -0.11667 -0.95021
vn -0.15456 -0.05919 -0.98621
vn -0.15115 -0.06744 0.98621
vn -0.83929 -0.34459 -0.42053
vn -0.65247 -0.26642 -0.70944
vn -0.64975 -0.27297 0.70944
vn -0.83714 -0.34980 0.42053
vn -0.28681 -0.12181 0.95021
vn -0.45876 -0.18655 -0.86876
vn -0.92388 -0.38268 0.00000
vn -0.45630 -0.19248 0.86876
vn -0.30506 -0.06351 0.95021
vn -0.48508 -0.09976 0.86876
vn -0.48634 -0.09347 -0.86876
vn -0.30614 -0.05806 -0.95021
vn -0.98079 -0.19509 0.00000
vn -0.89039 -0.17424 -0.42053
vn -0.69052 -0.14097 0.70944
vn -0.16314 -0.02790 -0.98621
vn -0.16140 -0.03666 0.98621
vn -0.69191 -0.13401 -0.70944
vn -0.88929 -0.17977 0.42053
vn -0.16545 0.00446 -0.98621
vn -0.16545 -0.00446 0.98621
vn -0.31159 -0.00278 0.95021
vn -0.70476 0.00354 -0.70944
vn -0.49523 0.00321 -0.86876
vn -0.90728 -0.00282 0.42053
vn -1.00000 0.00000 -0.00000
vn -0.49523 -0.00321 0.86876
vn -0.31159 0.00278 -0.95021
vn -0.90728 0.00282 -0.42053
vn -0.70476 -0.00354 0.70944
vn -0.48634 0.09347 0.86876
vn -0.69191 0.13401 0.70944
vn -0.30506 0.06351 -0.95021
vn -0.16140 0.03666 -0.98621
vn -0.16314 0.02790 0.98621
vn -0.88929 0.17977 -0.42053
vn -0.69052 0.14097 -0.70944
vn -0.89039 0.17424 0.42053
vn -0.30614 0.05806 0.95021
vn -0.48508 0.09976 -0.86876
vn -0.98079 0.19509 -0.00000
vn -0.28893 0.11667 0.95021
vn -0.45876 0.18655 0.86876
vn -0.45630 0.19248 -0.86876
vn -0.28681 0.12181 -0.95021
vn -0.92388 0.38268 0.00000
vn -0.83713 0.34980 -0.42053
vn -0.65247 0.26642 0.70944
vn -0.15115 0.06744 -0.98621
vn -0.15456 0.05919 0.98621
vn -0.64975 0.27297 -0.70944
vn -0.83929 0.34460 0.42053
vn -0.58795 0.38859 0.70944
vn -0.75594 0.50171 0.42053
vn -0.13509 0.09563 -0.98621
vn -0.14005 0.08821 0.98621
vn -0.26062 0.17080 0.95021
vn -0.58401 0.39449 -0.70944
vn -0.40998 0.27780 -0.86876
vn -0.83147 0.55557 0.00000
vn -0.41355 0.27246 0.86876
vn -0.25753 0.17542 -0.95021
vn -0.75281 0.50640 -0.42053
vn -0.35245 0.34791 0.86876
vn -0.50084 0.49583 0.70944
vn -0.21836 0.22229 -0.95021
vn -0.11383 0.12015 -0.98621
vn -0.12015 0.11383 0.98621
vn -0.63955 0.64353 -0.42053
vn -0.49583 0.50085 -0.70944
vn -0.64353 0.63955 0.42053
vn -0.22229 0.21836 0.95021
vn -0.34791 0.35245 -0.86876
vn -0.70711 0.70711 0.00000
vn -0.50640 0.75281 0.42053
vn -0.55557 0.83147 0.00000
vn -0.17542 0.25753 0.95021
vn -0.27780 0.40998 0.86876
vn -0.27246 0.41355 -0.86876
vn -0.17080 0.26062 -0.95021
vn -0.50171 0.75594 -0.42053
vn -0.39449 0.58401 0.70944
vn -0.08821 0.14005 -0.98621
vn -0.09563 0.13509 0.98621
vn -0.38859 0.58795 -0.70944
vn -0.27297 0.64975 0.70944
vn -0.34980 0.83713 0.42053
vn -0.05919 0.15456 -0.98621
vn -0.06744 0.15115 0.98621
vn -0.12181 0.28681 0.95021
vn -0.26642 0.65247 -0.70944
vn -0.18655 0.45876 -0.86876
vn -0.38268 0.92388 0.00000
vn -0.19248 0.45630 0.86876
vn -0.11667 0.28893 -0.95021
vn -0.34459 0.83929 -0.42053
vn -0.19509 0.98078 -0.00000
vn -0.17424 0.89039 -0.42053
vn -0.09976 0.48508 0.86876
vn -0.14097 0.69052 0.70944
vn -0.05806 0.30614 -0.95021
vn -0.02790 0.16314 -0.98621
vn -0.03666 0.16140 0.98621
vn -0.13402 0.69191 -0.70944
vn -0.17977 0.88929 0.42053
vn -0.06351 0.30506 0.95021
vn -0.09347 0.48634 -0.86876
vn -0.00319 0.48867 0.87246
vn -0.00275 0.30663 0.95182
vn 0.05713 0.30127 0.95182
vn 0.09220 0.47991 0.87246
vn 0.00274 0.30663 -0.95182
vn 0.00319 0.48867 -0.87246
vn 0.09847 0.47866 -0.87246
vn 0.06251 0.30020 -0.95182
vn 0.00289 0.90459 -0.42627
vn 0.17931 0.88664 -0.42628
vn -0.00358 0.69863 0.71547
vn 0.13279 0.68591 0.71547
vn 0.00439 0.16260 -0.98668
vn 0.03603 0.15862 -0.98668
vn -0.00439 0.16260 0.98668
vn 0.02742 0.16033 0.98668
vn 0.00357 0.69863 -0.71547
vn 0.13980 0.68451 -0.71547
vn -0.00289 0.90459 0.42627
vn 0.17364 0.88777 0.42628
vn 0.05817 0.15190 0.98668
vn 0.34884 0.83462 -0.42628
vn 0.27066 0.64408 -0.71547
vn 0.26405 0.64682 0.71547
vn 0.34350 0.83684 0.42628
vn 0.06628 0.14855 -0.98668
vn 0.11481 0.28434 0.95182
vn 0.18996 0.45025 -0.87246
vn 0.18406 0.45270 0.87246
vn 0.11988 0.28224 -0.95182
vn 0.27415 0.40454 -0.87246
vn 0.17264 0.25343 -0.95182
vn 0.50497 0.75053 -0.42628
vn 0.26884 0.40809 0.87246
vn 0.38517 0.58288 0.71547
vn 0.09399 0.13276 -0.98668
vn 0.08669 0.13764 0.98668
vn 0.39111 0.57891 -0.71547
vn 0.50016 0.75374 0.42628
vn 0.16807 0.25648 0.95182
vn 0.11188 0.11808 0.98668
vn 0.21488 0.21876 0.95182
vn 0.49653 0.49148 -0.71547
vn 0.34780 0.34329 -0.87246
vn 0.63760 0.64168 0.42628
vn 0.34329 0.34780 0.87246
vn 0.21876 0.21488 -0.95182
vn 0.64169 0.63760 -0.42628
vn 0.49148 0.49653 0.71547
vn 0.11808 0.11188 -0.98668
vn 0.25648 0.16807 -0.95182
vn 0.13764 0.08669 -0.98668
vn 0.13276 0.09399 0.98668
vn 0.75374 0.50016 -0.42628
vn 0.58288 0.38517 -0.71547
vn 0.57891 0.39111 0.71547
vn 0.75053 0.50497 0.42628
vn 0.25343 0.17264 0.95182
vn 0.40809 0.26884 -0.87246
vn 0.40454 0.27415 0.87246
vn 0.28224 0.11988 0.95182
vn 0.45025 0.18996 0.87246
vn 0.45270 0.18406 -0.87246
vn 0.28434 0.11481 -0.95182
vn 0.83684 0.34350 -0.42628
vn 0.64408 0.27066 0.71547
vn 0.15190 0.05817 -0.98668
vn 0.14855 0.06628 0.98668
vn 0.64682 0.26405 -0.71547
vn 0.83462 0.34884 0.42628
vn 0.16033 0.02742 -0.98668
vn 0.15862 0.03603 0.98668
vn 0.30020 0.06251 0.95182
vn 0.68590 0.13279 -0.71547
vn 0.47991 0.09220 -0.87246
vn 0.88664 0.17931 0.42628
vn 0.47866 0.09847 0.87246
vn 0.30127 0.05713 -0.95182
vn 0.88777 0.17364 -0.42628
vn 0.68451 0.13980 0.71547
vn 0.48867 0.00319 0.87246
vn 0.69863 0.00357 0.71547
vn 0.30663 -0.00274 -0.95182
vn 0.16260 -0.00439 -0.98668
vn 0.16260 0.00439 0.98668
vn 0.90459 -0.00289 -0.42628
vn 0.69863 -0.00357 -0.71547
vn 0.90459 0.00289 0.42628
vn 0.30663 0.00274 0.95182
vn 0.48867 -0.00319 -0.87246
vn 0.30127 -0.05713 0.95182
vn 0.47991 -0.09220 0.87246
vn 0.47866 -0.09847 -0.87246
vn 0.30020 -0.06251 -0.95182
vn 0.88664 -0.17931 -0.42628
vn 0.68590 -0.13279 0.71547
vn 0.15862 -0.03603 -0.98668
vn 0.16033 -0.02742 0.98668
vn 0.68451 -0.13980 -0.71547
vn 0.88777 -0.17364 0.42628
vn 0.64682 -0.26405 0.71547
vn 0.83684 -0.34350 0.42628
vn 0.14855 -0.06628 -0.98668
vn 0.15190 -0.05817 0.98668
vn 0.28434 -0.11481 0.95182
vn 0.64408 -0.27066 -0.71547
vn 0.45025 -0.18996 -0.87246
vn 0.45270 -0.18406 0.87246
vn 0.28224 -0.11988 -0.95182
vn 0.83462 -0.34884 -0.42628
vn 0.40809 -0.26884 0.87246
vn 0.58288 -0.38517 0.71547
vn 0.25343 -0.17264 -0.95182
vn 0.13276 -0.09399 -0.98668
vn 0.13764 -0.08669 0.98668
vn 0.75053 -0.50497 -0.42628
vn 0.57891 -0.39111 -0.71547
vn 0.75374 -0.50016 0.42628
vn 0.25648 -0.16807 0.95182
vn 0.40454 -0.27415 -0.87246
vn 0.64168 -0.63760 0.42628
vn 0.21876 -0.21488 0.95182
vn 0.34780 -0.34329 0.87246
vn 0.34329 -0.34780 -0.87246
vn 0.21488 -0.21876 -0.95182
vn 0.63760 -0.64169 -0.42628
vn 0.49653 -0.49148 0.71547
vn 0.11188 -0.11808 -0.98668
vn 0.11808 -0.11188 0.98668
vn 0.49148 -0.49653 -0.71547
vn 0.39111 -0.57891 0.71547
vn 0.50497 -0.75053 0.42628
vn 0.08669 -0.13764 -0.98668
vn 0.09399 -0.13276 0.98668
vn 0.17264 -0.25343 0.95182
vn 0.38517 -0.58288 -0.71547
vn 0.26884 -0.40809 -0.87246
vn 0.27415 -0.40454 0.87246
vn 0.16807 -0.25648 -0.95182
vn 0.50016 -0.75374 -0.42628
vn 0.34350 -0.83684 -0.42628
vn 0.18996 -0.45025 0.87246
vn 0.27066 -0.64408 0.71547
vn 0.11481 -0.28434 -0.95182
vn 0.05817 -0.15190 -0.98668
vn 0.06628 -0.14855 0.98668
vn 0.26405 -0.64682 -0.71547
vn 0.34884 -0.83463 0.42628
vn 0.11988 -0.28224 0.95182
vn 0.18406 -0.45270 -0.87246
vn 0.17931 -0.88664 0.42628
vn 0.06251 -0.30020 0.95182
vn 0.09847 -0.47866 0.87246
vn 0.09220 -0.47991 -0.87246
vn 0.05713 -0.30127 -0.95182
vn 0.17364 -0.88777 -0.42628
vn 0.13980 -0.68451 0.71547
vn 0.02742 -0.16033 -0.98668
vn 0.03603 -0.15862 0.98668
vn 0.13279 -0.68590 -0.71547
vn -0.00289 -0.90459 -0.42628
vn -0.00357 -0.69863 -0.71547
vn 0.00357 -0.69863 0.71547
vn 0.00289 -0.90459 0.42628
vn -0.00439 -0.16260 -0.98668
vn 0.00439 -0.16260 0.98668
vn 0.00274 -0.30663 0.95182
vn -0.00319 -0.48867 -0.87246
vn 0.00319 -0.48867 0.87246
vn -0.00274 -0.30663 -0.95182
vn -0.17931 -0.88664 -0.42628
vn -0.09220 -0.47991 0.87246
vn -0.13279 -0.68590 0.71547
vn -0.06251 -0.30020 -0.95182
vn -0.03603 -0.15862 -0.98668
vn -0.02742 -0.16033 0.98668
vn -0.13980 -0.68451 -0.71547
vn -0.17364 -0.88777 0.42628
vn -0.05713 -0.30127 0.95182
vn -0.09847 -0.47866 -0.87246
vn -0.27066 -0.64408 -0.71547
vn -0.18996 -0.45025 -0.87246
vn -0.34350 -0.83684 0.42628
vn -0.11481 -0.28434 0.95182
vn -0.18406 -0.45270 0.87246
vn -0.11988 -0.28224 -0.95182
vn -0.34884 -0.83462 -0.42628
vn -0.26405 -0.64682 0.71547
vn -0.06628 -0.14855 -0.98668
vn -0.05817 -0.15190 0.98668
vn -0.08669 -0.13764 0.98668
vn -0.50497 -0.75053 -0.42628
vn -0.39111 -0.57890 -0.71547
vn -0.38517 -0.58288 0.71547
vn -0.50016 -0.75374 0.42628
vn -0.09399 -0.13276 -0.98668
vn -0.16807 -0.25648 0.95182
vn -0.27415 -0.40454 -0.87246
vn -0.26884 -0.40809 0.87246
vn -0.17264 -0.25343 -0.95182
vn -0.34780 -0.34329 -0.87246
vn -0.21876 -0.21488 -0.95182
vn -0.64169 -0.63760 -0.42628
vn -0.34329 -0.34780 0.87246
vn -0.49148 -0.49653 0.71547
vn -0.11808 -0.11188 -0.98668
vn -0.11188 -0.11808 0.98668
vn -0.49653 -0.49148 -0.71547
vn -0.63760 -0.64168 0.42628
vn -0.21488 -0.21876 0.95182
vn -0.13276 -0.09399 0.98668
vn -0.25343 -0.17264 0.95182
vn -0.58288 -0.38517 -0.71547
vn -0.40809 -0.26884 -0.87246
vn -0.75053 -0.50497 0.42628
vn -0.40454 -0.27415 0.87246
vn -0.25648 -0.16807 -0.95182
vn -0.75374 -0.50016 -0.42628
vn -0.57891 -0.39111 0.71547
vn -0.13764 -0.08669 -0.98668
vn -0.28434 -0.11481 -0.95182
vn -0.15190 -0.05817 -0.98668
vn -0.14855 -0.06628 0.98668
vn -0.83684 -0.34350 -0.42628
vn -0.64682 -0.26405 -0.71547
vn -0.64408 -0.27066 0.71547
vn -0.83462 -0.34884 0.42628
vn -0.28224 -0.11988 0.95182
vn -0.45270 -0.18406 -0.87246
vn -0.45025 -0.18996 0.87246
vn -0.30020 -0.06251 0.95182
vn -0.47866 -0.09847 0.87246
vn -0.47991 -0.09220 -0.87246
vn -0.30127 -0.05713 -0.95182
vn -0.88777 -0.17364 -0.42628
vn -0.68451 -0.13980 0.71547
vn -0.16033 -0.02742 -0.98668
vn -0.15862 -0.03603 0.98668
vn -0.68590 -0.13279 -0.71547
vn -0.88664 -0.17931 0.42628
vn -0.16260 0.00439 -0.98668
vn -0.16260 -0.00439 0.98668
vn -0.30663 -0.00274 0.95182
vn -0.69863 0.00357 -0.71547
vn -0.48867 0.00319 -0.87246
vn -0.90459 -0.00289 0.42628
vn -0.48867 -0.00319 0.87246
vn -0.30663 0.00274 -0.95182
vn -0.90459 0.00289 -0.42627
vn -0.69863 -0.00357 0.71547
vn -0.47991 0.09220 0.87246
vn -0.68590 0.13279 0.71547
vn -0.30020 0.06251 -0.95182
vn -0.15862 0.03603 -0.98668
vn -0.16033 0.02742 0.98668
vn -0.88664 0.17931 -0.42627
vn -0.68451 0.13980 -0.71547
vn -0.88777 0.17364 0.42628
vn -0.30127 0.05713 0.95182
vn -0.47866 0.09847 -0.87246
vn -0.28434 0.11481 0.95182
vn -0.45270 0.18406 0.87246
vn -0.45025 0.18996 -0.87246
vn -0.28224 0.11988 -0.95182
vn -0.83462 0.34884 -0.42627
vn -0.64682 0.26405 0.71547
vn -0.14855 0.06628 -0.98668
vn -0.15190 0.05817 0.98668
vn -0.64408 0.27066 -0.71547
vn -0.83684 0.34350 0.42627
vn -0.58288 0.38517 0.71547
vn -0.75374 0.50016 0.42628
vn -0.13276 0.09399 -0.98668
vn -0.13764 0.08669 0.98668
vn -0.25648 0.16807 0.95182
vn -0.57890 0.39111 -0.71547
vn -0.40454 0.27415 -0.87246
vn -0.40809 0.26884 0.87246
vn -0.25343 0.17264 -0.95182
vn -0.75053 0.50497 -0.42627
vn -0.34780 0.34329 0.87246
vn -0.49653 0.49148 0.71547
vn -0.21488 0.21876 -0.95182
vn -0.11188 0.11808 -0.98668
vn -0.11808 0.11188 0.98668
vn -0.63760 0.64169 -0.42627
vn -0.49148 0.49653 -0.71547
vn -0.64168 0.63760 0.42628
vn -0.21876 0.21488 0.95182
vn -0.34329 0.34780 -0.87246
vn -0.50497 0.75053 0.42627
vn -0.17264 0.25343 0.95182
vn -0.27415 0.40454 0.87246
vn -0.26884 0.40809 -0.87246
vn -0.16807 0.25648 -0.95182
vn -0.50016 0.75374 -0.42627
vn -0.39111 0.57891 0.71547
vn -0.08669 0.13764 -0.98668
vn -0.09399 0.13276 0.98668
vn -0.38517 0.58288 -0.71547
vn -0.27066 0.64408 0.71547
vn -0.34884 0.83463 0.42627
vn -0.05817 0.15190 -0.98668
vn -0.06628 0.14855 0.98668
vn -0.11988 0.28224 0.95182
vn -0.26405 0.64682 -0.71547
vn -0.18406 0.45270 -0.87246
vn -0.18996 0.45025 0.87246
vn -0.11481 0.28434 -0.95182
vn -0.34350 0.83684 -0.42627
vn -0.19509 0.98079 0.00000
vn -0.17364 0.88777 -0.42627
vn -0.09847 0.47866 0.87246
vn -0.13980 0.68451 0.71547
vn -0.05713 0.30127 -0.95182
vn -0.02742 0.16033 -0.98668
vn -0.03603 0.15862 0.98668
vn -0.13279 0.68590 -0.71547
vn -0.17931 0.88664 0.42627
vn -0.06251 0.30020 0.95182
vn -0.09221 0.47991 -0.87246
vn -0.15767 0.31552 -0.93573
vn -0.21653 0.37756 -0.90031
vn -0.19276 0.46536 -0.86388
vn -0.07585 0.40823 -0.90972
vn -0.59628 0.78692 -0.15878
vn -0.34901 0.93273 -0.09057
vn -0.36711 0.88627 -0.28242
vn -0.62498 0.68946 -0.36611
vn -0.08350 0.97782 -0.19208
vn -0.06841 0.93142 -0.35747
vn -0.08431 0.25273 0.96386
vn -0.11386 0.42009 0.90031
vn -0.19276 0.46536 0.86388
vn -0.23503 0.34230 0.90972
vn -0.13480 0.97807 0.15879
vn -0.41275 0.90633 0.09057
vn -0.36710 0.88627 0.28242
vn -0.04559 0.92945 0.36611
vn -0.63238 0.75047 0.19208
vn -0.61024 0.70699 0.35747
vn 0.08431 0.25273 -0.96386
vn 0.11387 0.42008 -0.90031
vn 0.19276 0.46536 -0.86388
vn 0.23503 0.34230 -0.90972
vn 0.13480 0.97807 -0.15879
vn 0.41275 0.90633 -0.09057
vn 0.36710 0.88627 -0.28242
vn 0.04559 0.92946 -0.36611
vn 0.63238 0.75047 -0.19208
vn 0.61024 0.70698 -0.35747
vn 0.15767 0.31552 0.93573
vn 0.21653 0.37756 0.90031
vn 0.19276 0.46536 0.86388
vn 0.07585 0.40823 0.90972
vn 0.59628 0.78692 0.15879
vn 0.34901 0.93273 0.09057
vn 0.36710 0.88627 0.28242
vn 0.62498 0.68946 0.36611
vn 0.08350 0.97782 0.19208
vn 0.06841 0.93142 0.35747
vn 0.31552 0.15767 -0.93573
vn 0.37756 0.21653 -0.90031
vn 0.46536 0.19276 -0.86388
vn 0.40823 0.07585 -0.90972
vn 0.78692 0.59628 -0.15878
vn 0.93273 0.34901 -0.09057
vn 0.88627 0.36711 -0.28242
vn 0.68946 0.62498 -0.36611
vn 0.97782 0.08350 -0.19208
vn 0.93142 0.06841 -0.35747
vn 0.22476 0.07498 0.97152
vn 0.42009 0.11386 0.90031
vn 0.46536 0.19276 0.86388
vn 0.34230 0.23503 0.90972
vn 0.97807 0.13480 0.15879
vn 0.90633 0.41275 0.09057
vn 0.88627 0.36710 0.28242
vn 0.92945 0.04559 0.36611
vn 0.75047 0.63238 0.19208
vn 0.70699 0.61024 0.35747
vn 0.22476 -0.07498 -0.97152
vn 0.42008 -0.11387 -0.90031
vn 0.46536 -0.19276 -0.86388
vn 0.34230 -0.23503 -0.90972
vn 0.97807 -0.13480 -0.15879
vn 0.90633 -0.41275 -0.09057
vn 0.88627 -0.36710 -0.28242
vn 0.92946 -0.04559 -0.36611
vn 0.75047 -0.63238 -0.19208
vn 0.70698 -0.61024 -0.35747
vn 0.31552 -0.15767 0.93573
vn 0.37756 -0.21653 0.90031
vn 0.46536 -0.19276 0.86388
vn 0.40823 -0.07585 0.90972
vn 0.78692 -0.59628 0.15879
vn 0.93273 -0.34901 0.09057
vn 0.88627 -0.36710 0.28242
vn 0.68946 -0.62498 0.36611
vn 0.97782 -0.08350 0.19208
vn 0.93142 -0.06841 0.35747
vn 0.15767 -0.31552 -0.93573
vn 0.21653 -0.37756 -0.90031
vn 0.19276 -0.46536 -0.86388
vn 0.07585 -0.40823 -0.90972
vn 0.59628 -0.78692 -0.15878
vn 0.34901 -0.93273 -0.09057
vn 0.36711 -0.88627 -0.28242
vn 0.62498 -0.68946 -0.36611
vn 0.08350 -0.97782 -0.19208
vn 0.06841 -0.93142 -0.35747
vn 0.08431 -0.25273 0.96386
vn 0.11386 -0.42009 0.90031
vn 0.19276 -0.46536 0.86388
vn 0.23503 -0.34230 0.90972
vn 0.13480 -0.97807 0.15879
vn 0.41275 -0.90633 0.09057
vn 0.36710 -0.88627 0.28242
vn 0.04559 -0.92945 0.36611
vn 0.63238 -0.75047 0.19208
vn 0.61024 -0.70699 0.35747
vn -0.08431 -0.25273 -0.96386
vn -0.11387 -0.42008 -0.90031
vn -0.19276 -0.46536 -0.86388
vn -0.23503 -0.34230 -0.90972
vn -0.13480 -0.97807 -0.15879
vn -0.41275 -0.90633 -0.09057
vn -0.36710 -0.88627 -0.28242
vn -0.04559 -0.92946 -0.36611
vn -0.63238 -0.75047 -0.19208
vn -0.61024 -0.70698 -0.35747
vn -0.15767 -0.31552 0.93573
vn -0.21653 -0.37756 0.90031
vn -0.19276 -0.46536 0.86388
vn -0.07585 -0.40823 0.90972
vn -0.59628 -0.78692 0.15879
vn -0.34901 -0.93273 0.09057
vn -0.36710 -0.88627 0.28242
vn -0.62498 -0.68946 0.36611
vn -0.08350 -0.97782 0.19208
vn -0.06841 -0.93142 0.35747
vn -0.31552 -0.15767 -0.93573
vn -0.37756 -0.21653 -0.90031
vn -0.46536 -0.19276 -0.86388
vn -0.40823 -0.07585 -0.90972
vn -0.78692 -0.59628 -0.15878
vn -0.93273 -0.34901 -0.09057
vn -0.88627 -0.36711 -0.28242
vn -0.68946 -0.62498 -0.36611
vn -0.97782 -0.08350 -0.19208
vn -0.93142 -0.06841 -0.35747
vn -0.22476 -0.07498 0.97152
vn -0.42009 -0.11386 0.90031
vn -0.46536 -0.19276 0.86388
vn -0.34230 -0.23503 0.90972
vn -0.97807 -0.13480 0.15879
vn -0.90633 -0.41275 0.09057
vn -0.88627 -0.36710 0.28242
vn -0.92945 -0.04559 0.36611
vn -0.75047 -0.63238 0.19208
vn -0.70699 -0.61024 0.35747
vn -0.22476 0.07498 -0.97152
vn -0.42008 0.11387 -0.90031
vn -0.46536 0.19276 -0.86388
vn -0.34230 0.23503 -0.90972
vn -0.97807 0.13480 -0.15879
vn -0.90633 0.41275 -0.09057
vn -0.88627 0.36710 -0.28242
vn -0.92946 0.04559 -0.36611
vn -0.75047 0.63238 -0.19208
vn -0.70698 0.61024 -0.35747
vn -0.31552 0.15767 0.93573
vn -0.37756 0.21653 0.90031
vn -0.46536 0.19276 0.86388
vn -0.40823 0.07585 0.90972
vn -0.78692 0.59628 0.15879
vn -0.93273 0.34901 0.09057
vn -0.88627 0.36710 0.28242
vn -0.68946 0.62498 0.36611
vn -0.97782 0.08350 0.19208
vn -0.93142 0.06841 0.35747
vn -0.85740 -0.45913 -0.23252
vn -0.91246 -0.34073 -0.22654
vn -0.86489 -0.33001 -0.37822
vn -0.76596 -0.50280 -0.40061
vn -0.72591 0.55470 -0.40664
vn -0.63945 0.43838 -0.63160
vn -0.68667 0.26864 -0.67551
vn -0.72766 0.33317 -0.59959
vn -0.87476 0.38037 -0.30019
vn -0.35913 0.13585 -0.92335
vn -0.47586 -0.01020 -0.87946
vn -0.62121 0.22673 -0.75013
vn -0.48559 0.36306 -0.79523
vn 0.56674 0.79935 -0.19959
vn 0.48654 0.78648 -0.38042
vn 0.36327 0.86228 -0.35285
vn 0.37530 0.91028 -0.17474
vn -0.09998 0.46063 -0.88194
vn -0.37299 0.66009 -0.65204
vn -0.15437 0.75196 -0.64088
vn 0.12173 0.52467 -0.84255
vn -0.43187 0.83561 -0.33949
vn -0.26949 0.91091 -0.31243
vn -0.64740 -0.71204 -0.27180
vn -0.63080 -0.62239 -0.46338
vn -0.49956 -0.69534 -0.51666
vn -0.45485 -0.81392 -0.36146
vn -0.15674 -0.01447 -0.98753
vn 0.01678 -0.21786 -0.97584
vn -0.03418 -0.38385 -0.92276
vn -0.09528 -0.29920 -0.94942
vn -0.37715 -0.11724 -0.91870
vn 0.33005 -0.55333 -0.76478
vn 0.17912 -0.66517 -0.72489
vn 0.05013 -0.44461 -0.89432
vn 0.21355 -0.33607 -0.91731
vn 0.74918 0.57925 -0.32123
vn 0.79449 0.47854 -0.37388
vn 0.70410 0.52145 -0.48200
vn 0.61605 0.66953 -0.41498
vn 0.58025 -0.21960 -0.78428
vn 0.28457 0.00253 -0.95865
vn 0.46466 0.13292 -0.87545
vn 0.73842 -0.09202 -0.66803
vn 0.09289 0.31085 -0.94591
vn 0.21694 0.42449 -0.87906
vn -0.41631 -0.90022 -0.12763
vn -0.34493 -0.90825 -0.23685
vn -0.23212 -0.96279 -0.13844
vn -0.32327 -0.94550 0.03915
vn 0.48357 -0.65477 -0.58089
vn 0.55570 -0.75677 -0.34423
vn 0.44348 -0.86151 -0.24725
vn 0.43514 -0.82962 -0.34984
vn 0.25041 -0.74481 -0.61851
vn 0.57754 -0.80082 0.15856
vn 0.41195 -0.89800 0.15457
vn 0.47410 -0.86858 -0.14419
vn 0.63787 -0.76040 -0.12208
vn 0.86343 0.50267 -0.04265
vn 0.94446 0.32857 0.00653
vn 0.95361 0.27195 -0.12915
vn 0.88355 0.40204 -0.24024
vn 0.86056 -0.49990 0.09766
vn 0.80111 -0.51401 -0.30662
vn 0.91783 -0.32024 -0.23458
vn 0.93990 -0.29349 0.17452
vn 0.72663 -0.32289 -0.60642
vn 0.80714 -0.16571 -0.56663
vn -0.52944 -0.83000 0.17548
vn -0.34073 -0.91246 0.22654
vn -0.33001 -0.86489 0.37822
vn -0.50280 -0.76596 0.40061
vn 0.55470 -0.72591 0.40664
vn 0.43838 -0.63945 0.63160
vn 0.26864 -0.68667 0.67551
vn 0.33317 -0.72766 0.59959
vn 0.38037 -0.87476 0.30019
vn 0.13585 -0.35913 0.92335
vn -0.01020 -0.47586 0.87946
vn 0.22673 -0.62121 0.75013
vn 0.36306 -0.48559 0.79523
vn 0.81845 0.50999 0.26468
vn 0.78648 0.48654 0.38042
vn 0.86228 0.36327 0.35285
vn 0.91028 0.37530 0.17474
vn 0.46063 -0.09998 0.88194
vn 0.66009 -0.37299 0.65204
vn 0.75196 -0.15437 0.64088
vn 0.52467 0.12173 0.84255
vn 0.83561 -0.43187 0.33949
vn 0.91091 -0.26949 0.31243
vn -0.70109 -0.61544 0.36015
vn -0.62239 -0.63080 0.46338
vn -0.69534 -0.49956 0.51666
vn -0.81392 -0.45485 0.36146
vn -0.01447 -0.15674 0.98753
vn -0.21786 0.01678 0.97584
vn -0.38385 -0.03418 0.92276
vn -0.29920 -0.09528 0.94942
vn -0.11724 -0.37715 0.91870
vn -0.55333 0.33005 0.76478
vn -0.66517 0.17912 0.72489
vn -0.44461 0.05013 0.89432
vn -0.33607 0.21355 0.91731
vn 0.61897 0.74712 0.24224
vn 0.47854 0.79449 0.37388
vn 0.52145 0.70410 0.48200
vn 0.66953 0.61605 0.41498
vn -0.21960 0.58025 0.78428
vn 0.00253 0.28457 0.95865
vn 0.13292 0.46466 0.87545
vn -0.09202 0.73842 0.66803
vn 0.31085 0.09289 0.94591
vn 0.42449 0.21694 0.87906
vn -0.86232 -0.49712 0.09632
vn -0.90825 -0.34493 0.23685
vn -0.96279 -0.23212 0.13844
vn -0.94550 -0.32327 -0.03915
vn -0.65477 0.48357 0.58089
vn -0.75677 0.55570 0.34423
vn -0.86151 0.44348 0.24725
vn -0.82962 0.43514 0.34984
vn -0.74481 0.25041 0.61851
vn -0.80082 0.57754 -0.15856
vn -0.89800 0.41195 -0.15457
vn -0.86858 0.47410 0.14419
vn -0.76040 0.63787 0.12208
vn 0.42502 0.90341 0.05655
vn 0.32857 0.94446 -0.00653
vn 0.27195 0.95361 0.12915
vn 0.40204 0.88355 0.24024
vn -0.49990 0.86056 -0.09766
vn -0.51401 0.80111 0.30662
vn -0.32024 0.91783 0.23458
vn -0.29349 0.93990 -0.17452
vn -0.32289 0.72663 0.60642
vn -0.16571 0.80714 0.56663
vn -0.50195 0.49617 -0.70842
vn -0.43035 0.42462 -0.79655
vn 0.27118 -0.27690 -0.92184
vn 0.18140 -0.18718 -0.96543
vn 0.69867 -0.70439 -0.12529
vn 0.68046 -0.68624 -0.25701
vn 0.42462 -0.43035 0.79655
vn 0.49617 -0.50195 0.70842
vn -0.27690 0.27118 0.92184
vn -0.18718 0.18140 0.96543
vn -0.70439 0.69867 0.12529
vn -0.68624 0.68046 0.25701
vn 0.04299 0.97956 -0.19653
vn 0.29505 0.93505 -0.19653
vn 0.19954 0.90101 -0.38518
vn -0.04046 0.92195 -0.38518
vn 0.01667 0.37983 -0.92491
vn 0.11441 0.36258 -0.92491
vn 0.04187 0.18908 -0.98107
vn -0.01268 0.28889 -0.95728
vn 0.21201 0.95730 0.19653
vn -0.04299 0.97956 0.19653
vn 0.04046 0.92195 0.38518
vn 0.27770 0.88007 0.38518
vn 0.08221 0.37120 0.92491
vn -0.01667 0.37983 0.92491
vn 0.00849 0.19348 0.98107
vn 0.08702 0.27577 0.95728
vn 0.52701 0.82683 -0.19653
vn 0.42594 0.81867 -0.38518
vn 0.20435 0.32061 -0.92491
vn 0.13347 0.25653 -0.95728
vn 0.45255 0.86981 0.19653
vn 0.49602 0.77821 0.38518
vn 0.17548 0.33728 0.92491
vn 0.06225 0.09766 0.99327
vn 0.72305 0.66225 -0.19653
vn 0.62331 0.68053 -0.38518
vn 0.28037 0.25680 -0.92490
vn 0.09797 0.10696 -0.98942
vn 0.66225 0.72305 0.19653
vn 0.68053 0.62331 0.38518
vn 0.25680 0.28037 0.92490
vn 0.21324 0.19531 0.95728
vn 0.86981 0.45255 -0.19653
vn 0.77821 0.49602 -0.38518
vn 0.33728 0.17548 -0.92491
vn 0.24385 0.15543 -0.95728
vn 0.82683 0.52701 0.19653
vn 0.81867 0.42594 0.38518
vn 0.32061 0.20435 0.92491
vn 0.17180 0.08939 0.98107
vn 0.95730 0.21201 -0.19653
vn 0.88007 0.27770 -0.38518
vn 0.37120 0.08221 -0.92491
vn 0.18469 0.05828 -0.98107
vn 0.93505 0.29505 0.19653
vn 0.90101 0.19954 0.38518
vn 0.36258 0.11441 0.92491
vn 0.28233 0.06253 0.95728
vn 0.97956 -0.04299 -0.19653
vn 0.92195 0.04046 -0.38518
vn 0.37983 -0.01667 -0.92491
vn 0.28889 0.01268 -0.95728
vn 0.97956 0.04299 0.19653
vn 0.92195 -0.04046 0.38518
vn 0.37983 0.01667 0.92491
vn 0.14491 -0.00636 0.98942
vn 0.93505 -0.29505 -0.19653
vn 0.90101 -0.19954 -0.38518
vn 0.36258 -0.11441 -0.92491
vn 0.11307 -0.02504 -0.99327
vn 0.95730 -0.21201 0.19653
vn 0.88007 -0.27770 0.38518
vn 0.37120 -0.08221 0.92490
vn 0.27577 -0.08702 0.95728
vn 0.82683 -0.52701 -0.19653
vn 0.81866 -0.42594 -0.38518
vn 0.32061 -0.20435 -0.92491
vn 0.25653 -0.13347 -0.95728
vn 0.86981 -0.45255 0.19653
vn 0.77821 -0.49602 0.38518
vn 0.33728 -0.17548 0.92491
vn 0.16331 -0.10409 0.98107
vn 0.66225 -0.72305 -0.19653
vn 0.68053 -0.62331 -0.38518
vn 0.25680 -0.28037 -0.92491
vn 0.14281 -0.13081 -0.98107
vn 0.72305 -0.66225 0.19653
vn 0.62331 -0.68053 0.38518
vn 0.28037 -0.25680 0.92491
vn 0.19531 -0.21324 0.95728
vn 0.45255 -0.86981 -0.19653
vn 0.49602 -0.77821 -0.38518
vn 0.17548 -0.33728 -0.92491
vn 0.15543 -0.24385 -0.95728
vn 0.52701 -0.82683 0.19653
vn 0.42594 -0.81866 0.38518
vn 0.20435 -0.32061 0.92491
vn 0.05345 -0.10274 0.99327
vn 0.21201 -0.95730 -0.19653
vn 0.27770 -0.88007 -0.38518
vn 0.08221 -0.37120 -0.92491
vn 0.04365 -0.13833 -0.98942
vn 0.29505 -0.93505 0.19653
vn 0.19954 -0.90101 0.38518
vn 0.11441 -0.36258 0.92491
vn 0.06253 -0.28233 0.95728
vn -0.04299 -0.97956 -0.19653
vn 0.04046 -0.92195 -0.38518
vn -0.01667 -0.37983 -0.92491
vn 0.01268 -0.28889 -0.95728
vn 0.04299 -0.97956 0.19653
vn -0.04046 -0.92195 0.38518
vn 0.01667 -0.37983 0.92491
vn -0.00849 -0.19348 0.98107
vn -0.29505 -0.93505 -0.19653
vn -0.19954 -0.90101 -0.38518
vn -0.11441 -0.36258 -0.92491
vn -0.04187 -0.18908 -0.98107
vn -0.21201 -0.95730 0.19653
vn -0.27770 -0.88007 0.38518
vn -0.08221 -0.37120 0.92491
vn -0.08702 -0.27577 0.95728
vn -0.52701 -0.82683 -0.19653
vn -0.42594 -0.81866 -0.38518
vn -0.20435 -0.32061 -0.92491
vn -0.13347 -0.25653 -0.95728
vn -0.45255 -0.86981 0.19653
vn -0.49602 -0.77821 0.38518
vn -0.17548 -0.33728 0.92491
vn -0.07796 -0.12232 0.98942
vn -0.72305 -0.66225 -0.19653
vn -0.62331 -0.68053 -0.38518
vn -0.28037 -0.25680 -0.92491
vn -0.07822 -0.08540 -0.99327
vn -0.66225 -0.72305 0.19653
vn -0.68053 -0.62331 0.38518
vn -0.25680 -0.28037 0.92491
vn -0.21324 -0.19531 0.95728
vn -0.86981 -0.45255 -0.19653
vn -0.77821 -0.49602 -0.38518
vn -0.33728 -0.17548 -0.92491
vn -0.24385 -0.15543 -0.95728
vn -0.82683 -0.52701 0.19653
vn -0.81866 -0.42594 0.38518
vn -0.32061 -0.20435 0.92491
vn -0.17180 -0.08939 0.98107
vn -0.95730 -0.21201 -0.19653
vn -0.88007 -0.27770 -0.38518
vn -0.37120 -0.08221 -0.92491
vn -0.18469 -0.05828 -0.98107
vn -0.93505 -0.29505 0.19653
vn -0.90101 -0.19954 0.38518
vn -0.36258 -0.11441 0.92491
vn -0.28233 -0.06253 0.95728
vn -0.97956 0.04299 -0.19653
vn -0.92195 -0.04046 -0.38518
vn -0.37983 0.01667 -0.92491
vn -0.28889 -0.01268 -0.95728
vn -0.97956 -0.04299 0.19653
vn -0.92195 0.04046 0.38518
vn -0.37983 -0.01667 0.92491
vn -0.11570 0.00508 0.99327
vn -0.93505 0.29505 -0.19653
vn -0.90101 0.19954 -0.38518
vn -0.36258 0.11441 -0.92491
vn -0.14162 0.03136 -0.98942
vn -0.95730 0.21201 0.19653
vn -0.88007 0.27770 0.38518
vn -0.37120 0.08221 0.92491
vn -0.27577 0.08702 0.95728
vn -0.82683 0.52701 -0.19653
vn -0.81866 0.42594 -0.38518
vn -0.32061 0.20435 -0.92491
vn -0.25653 0.13347 -0.95728
vn -0.86981 0.45255 0.19653
vn -0.77821 0.49602 0.38518
vn -0.33728 0.17548 0.92491
vn -0.16331 0.10409 0.98107
vn -0.66225 0.72305 -0.19653
vn -0.68053 0.62331 -0.38518
vn -0.25680 0.28037 -0.92491
vn -0.14281 0.13081 -0.98107
vn -0.72305 0.66225 0.19653
vn -0.62331 0.68053 0.38518
vn -0.28037 0.25680 0.92491
vn -0.19531 0.21324 0.95728
vn -0.45255 0.86981 -0.19653
vn -0.49602 0.77821 -0.38518
vn -0.17548 0.33728 -0.92491
vn -0.15543 0.24385 -0.95728
vn -0.52701 0.82683 0.19653
vn -0.42594 0.81866 0.38518
vn -0.20435 0.32061 0.92491
vn -0.06695 0.12868 0.98942
vn -0.21201 0.95730 -0.19653
vn -0.27770 0.88007 -0.38518
vn -0.08221 0.37120 -0.92490
vn -0.03485 0.11044 -0.99327
vn -0.29505 0.93505 0.19653
vn -0.19954 0.90101 0.38518
vn -0.11441 0.36258 0.92491
vn -0.06253 0.28233 0.95728
vn 0.82268 -0.49385 -0.28162
vn 0.78678 -0.46641 -0.40428
vn 0.86489 -0.33001 -0.37822
vn 0.91766 -0.35111 -0.18608
vn 0.37314 0.20193 -0.90553
vn 0.54715 0.34607 -0.76214
vn 0.68667 0.26864 -0.67551
vn 0.62121 0.22673 -0.75013
vn 0.45946 -0.03493 -0.88751
vn 0.76455 0.54127 -0.35000
vn 0.86490 0.37885 -0.32927
vn 0.72766 0.33317 -0.59959
vn 0.62357 0.50105 -0.60009
vn -0.54191 0.82418 -0.16448
vn -0.36752 0.90551 -0.21209
vn -0.36327 0.86228 -0.35285
vn -0.51923 0.76635 -0.37829
vn 0.44330 0.80395 -0.39641
vn 0.31751 0.60461 -0.73050
vn 0.15437 0.75196 -0.64088
vn 0.27257 0.91898 -0.28493
vn 0.03818 0.44192 -0.89624
vn -0.09979 0.54164 -0.83467
vn 0.87191 -0.48753 0.04571
vn 0.95426 -0.29893 -0.00595
vn 0.96279 -0.23212 0.13844
vn 0.88997 -0.37879 0.25390
vn 0.78390 0.61269 -0.10060
vn 0.79056 0.58948 0.16591
vn 0.86151 0.44348 0.24725
vn 0.86858 0.47410 0.14419
vn 0.89682 0.40242 -0.18378
vn 0.65242 0.42914 0.62464
vn 0.75560 0.26955 0.59700
vn 0.82962 0.43514 0.34983
vn 0.70990 0.58737 0.38864
vn -0.43708 0.89136 0.12016
vn -0.37214 0.90089 0.22341
vn -0.27195 0.95360 0.12915
vn -0.34936 0.93623 -0.03781
vn 0.37424 0.73489 0.56558
vn 0.53432 0.82142 0.19943
vn 0.32025 0.91783 0.23458
vn 0.14917 0.79557 0.58721
vn 0.46699 0.87073 -0.15412
vn 0.30088 0.94230 -0.14676
vn 0.74851 -0.56802 0.34218
vn 0.79407 -0.45912 0.39833
vn 0.69534 -0.49956 0.51666
vn 0.60670 -0.66207 0.43998
vn 0.49636 0.32515 0.80493
vn 0.34395 0.14287 0.92806
vn 0.38385 -0.03418 0.92276
vn 0.44461 0.05013 0.89432
vn 0.68455 0.19015 0.70373
vn -0.00048 -0.22376 0.97464
vn 0.13372 -0.35233 0.92627
vn 0.29920 -0.09528 0.94942
vn 0.14759 0.02506 0.98873
vn -0.65289 0.71320 0.25509
vn -0.64114 0.63189 0.43550
vn -0.52145 0.70410 0.48200
vn -0.47292 0.81266 0.34048
vn -0.24939 0.11127 0.96199
vn 0.07326 0.36036 0.92993
vn -0.13292 0.46466 0.87545
vn -0.44661 0.19980 0.87214
vn 0.22693 0.63068 0.74212
vn 0.07995 0.72138 0.68791
vn 0.55564 -0.80380 0.21253
vn 0.46641 -0.78678 0.40428
vn 0.33001 -0.86489 0.37822
vn 0.35111 -0.91766 0.18608
vn -0.20193 -0.37314 0.90553
vn -0.34607 -0.54715 0.76214
vn -0.26864 -0.68667 0.67551
vn -0.22673 -0.62121 0.75013
vn 0.03493 -0.45946 0.88751
vn -0.54127 -0.76455 0.35000
vn -0.37885 -0.86490 0.32927
vn -0.33317 -0.72766 0.59959
vn -0.50105 -0.62357 0.60009
vn -0.85137 0.47707 0.21811
vn -0.90551 0.36752 0.21209
vn -0.86228 0.36327 0.35285
vn -0.76635 0.51923 0.37829
vn -0.80395 -0.44330 0.39641
vn -0.60461 -0.31751 0.73050
vn -0.75196 -0.15437 0.64088
vn -0.91898 -0.27257 0.28493
vn -0.44192 -0.03818 0.89624
vn -0.54164 0.09979 0.83467
vn 0.40360 -0.91293 -0.06056
vn 0.29893 -0.95426 0.00595
vn 0.23212 -0.96279 -0.13844
vn 0.37879 -0.88997 -0.25390
vn -0.61269 -0.78390 0.10060
vn -0.58948 -0.79056 -0.16591
vn -0.44348 -0.86151 -0.24725
vn -0.47410 -0.86858 -0.14419
vn -0.40242 -0.89682 0.18378
vn -0.42914 -0.65242 -0.62464
vn -0.26955 -0.75560 -0.59700
vn -0.43514 -0.82962 -0.34983
vn -0.58737 -0.70990 -0.38864
vn -0.85434 0.51176 -0.09061
vn -0.90089 0.37214 -0.22341
vn -0.95360 0.27195 -0.12915
vn -0.93623 0.34936 0.03781
vn -0.73489 -0.37424 -0.56558
vn -0.82142 -0.53432 -0.19943
vn -0.91783 -0.32025 -0.23458
vn -0.79557 -0.14917 -0.58721
vn -0.87073 -0.46699 0.15412
vn -0.94230 -0.30088 0.14676
vn 0.61161 -0.74783 -0.25824
vn 0.45912 -0.79407 -0.39833
vn 0.49956 -0.69534 -0.51666
vn 0.66207 -0.60670 -0.43998
vn -0.32515 -0.49636 -0.80493
vn -0.14287 -0.34395 -0.92806
vn 0.03418 -0.38385 -0.92276
vn -0.05013 -0.44461 -0.89432
vn -0.19015 -0.68455 -0.70373
vn 0.22376 0.00048 -0.97464
vn 0.35233 -0.13372 -0.92627
vn 0.09528 -0.29920 -0.94942
vn -0.02506 -0.14759 -0.98873
vn -0.70421 0.62423 -0.33827
vn -0.63189 0.64114 -0.43550
vn -0.70410 0.52145 -0.48200
vn -0.81266 0.47292 -0.34048
vn -0.11127 0.24939 -0.96199
vn -0.36036 -0.07326 -0.92993
vn -0.46466 0.13292 -0.87545
vn -0.19980 0.44661 -0.87214
vn -0.63068 -0.22693 -0.74212
vn -0.72138 -0.07995 -0.68791
vn 0.50382 0.49804 -0.70578
vn 0.56611 0.56038 -0.60456
vn 0.65470 0.64898 0.38755
vn 0.68555 0.67977 0.26062
vn 0.09145 0.08573 0.99211
vn 0.18462 0.17884 0.96640
vn -0.56038 -0.56611 0.60456
vn -0.49804 -0.50382 0.70578
vn -0.64898 -0.65470 -0.38755
vn -0.67977 -0.68555 -0.26062
vn -0.08573 -0.09145 -0.99211
vn -0.17884 -0.18462 -0.96640
vn 0.08221 0.37120 0.92490
vn 0.42594 0.81866 -0.38518
vn 0.28037 0.25680 -0.92491
vn 0.25680 0.28037 0.92491
vn 0.81866 0.42594 0.38518
vn 0.37120 -0.08221 0.92491
vn -0.37120 -0.08221 -0.92490
vn -0.81867 0.42594 -0.38518
vn -0.25680 0.28037 -0.92490
vn -0.28037 0.25680 0.92490
vn -0.42594 0.81867 0.38518
vn -0.08221 0.37120 -0.92491
vn 0.45913 0.85740 0.23252
vn 0.34073 0.91246 0.22654
vn 0.33001 0.86489 0.37822
vn 0.50280 0.76596 0.40061
vn -0.55470 0.72591 0.40664
vn -0.43838 0.63945 0.63160
vn -0.26864 0.68667 0.67551
vn -0.33317 0.72766 0.59959
vn -0.38037 0.87476 0.30019
vn -0.13585 0.35913 0.92335
vn 0.01020 0.47586 0.87946
vn -0.22673 0.62121 0.75013
vn -0.36306 0.48559 0.79523
vn -0.79935 -0.56674 0.19959
vn -0.78648 -0.48654 0.38042
vn -0.86228 -0.36327 0.35285
vn -0.91028 -0.37530 0.17474
vn -0.46063 0.09998 0.88194
vn -0.66009 0.37299 0.65204
vn -0.75196 0.15437 0.64088
vn -0.52467 -0.12173 0.84255
vn -0.83561 0.43187 0.33949
vn -0.91091 0.26949 0.31243
vn 0.71204 0.64740 0.27180
vn 0.62239 0.63080 0.46338
vn 0.69534 0.49956 0.51666
vn 0.81392 0.45485 0.36146
vn 0.01447 0.15674 0.98753
vn 0.21786 -0.01678 0.97584
vn 0.38385 0.03418 0.92276
vn 0.29920 0.09528 0.94942
vn 0.11724 0.37715 0.91870
vn 0.55333 -0.33005 0.76478
vn 0.66517 -0.17912 0.72489
vn 0.44461 -0.05013 0.89432
vn 0.33607 -0.21355 0.91731
vn -0.57925 -0.74918 0.32123
vn -0.47854 -0.79449 0.37388
vn -0.52145 -0.70410 0.48200
vn -0.66953 -0.61605 0.41498
vn 0.21960 -0.58025 0.78428
vn -0.00253 -0.28457 0.95865
vn -0.13292 -0.46466 0.87545
vn 0.09202 -0.73842 0.66803
vn -0.31085 -0.09289 0.94591
vn -0.42449 -0.21694 0.87906
vn 0.90022 0.41631 0.12763
vn 0.90825 0.34493 0.23685
vn 0.96279 0.23212 0.13844
vn 0.94550 0.32327 -0.03915
vn 0.65477 -0.48357 0.58089
vn 0.75677 -0.55570 0.34423
vn 0.86151 -0.44348 0.24725
vn 0.82962 -0.43514 0.34984
vn 0.74481 -0.25041 0.61851
vn 0.80082 -0.57754 -0.15856
vn 0.89800 -0.41195 -0.15457
vn 0.86858 -0.47410 0.14419
vn 0.76040 -0.63787 0.12208
vn -0.50267 -0.86343 0.04265
vn -0.32857 -0.94446 -0.00653
vn -0.27195 -0.95361 0.12915
vn -0.40204 -0.88355 0.24024
vn 0.49990 -0.86056 -0.09766
vn 0.51401 -0.80111 0.30662
vn 0.32024 -0.91783 0.23458
vn 0.29349 -0.93990 -0.17452
vn 0.32289 -0.72663 0.60642
vn 0.16571 -0.80714 0.56663
vn 0.83000 0.52944 -0.17548
vn 0.91246 0.34073 -0.22654
vn 0.86489 0.33001 -0.37822
vn 0.76596 0.50280 -0.40061
vn 0.72591 -0.55470 -0.40664
vn 0.63945 -0.43838 -0.63160
vn 0.68667 -0.26864 -0.67551
vn 0.72766 -0.33317 -0.59959
vn 0.87476 -0.38037 -0.30019
vn 0.35913 -0.13585 -0.92335
vn 0.47586 0.01020 -0.87946
vn 0.62121 -0.22673 -0.75013
vn 0.48559 -0.36306 -0.79523
vn -0.50999 -0.81845 -0.26468
vn -0.48654 -0.78648 -0.38042
vn -0.36327 -0.86228 -0.35285
vn -0.37530 -0.91028 -0.17474
vn 0.09998 -0.46063 -0.88194
vn 0.37299 -0.66009 -0.65204
vn 0.15437 -0.75196 -0.64088
vn -0.12173 -0.52467 -0.84255
vn 0.43187 -0.83561 -0.33949
vn 0.26949 -0.91091 -0.31243
vn 0.61544 0.70109 -0.36015
vn 0.63080 0.62239 -0.46338
vn 0.49956 0.69534 -0.51666
vn 0.45485 0.81392 -0.36146
vn 0.15674 0.01447 -0.98753
vn -0.01678 0.21786 -0.97584
vn 0.03418 0.38385 -0.92276
vn 0.09528 0.29920 -0.94942
vn 0.37715 0.11724 -0.91870
vn -0.33005 0.55333 -0.76478
vn -0.17912 0.66517 -0.72489
vn -0.05013 0.44461 -0.89432
vn -0.21355 0.33607 -0.91731
vn -0.74712 -0.61897 -0.24224
vn -0.79449 -0.47854 -0.37388
vn -0.70410 -0.52145 -0.48200
vn -0.61605 -0.66953 -0.41498
vn -0.58025 0.21960 -0.78428
vn -0.28457 -0.00253 -0.95865
vn -0.46466 -0.13292 -0.87545
vn -0.73842 0.09202 -0.66803
vn -0.09289 -0.31085 -0.94591
vn -0.21694 -0.42449 -0.87906
vn 0.49712 0.86232 -0.09632
vn 0.34493 0.90825 -0.23685
vn 0.23212 0.96279 -0.13844
vn 0.32327 0.94550 0.03915
vn -0.48357 0.65477 -0.58089
vn -0.55570 0.75677 -0.34423
vn -0.44348 0.86151 -0.24725
vn -0.43514 0.82962 -0.34984
vn -0.25041 0.74481 -0.61851
vn -0.57754 0.80082 0.15856
vn -0.41195 0.89800 0.15457
vn -0.47410 0.86858 -0.14419
vn -0.63787 0.76040 -0.12208
vn -0.90341 -0.42502 -0.05655
vn -0.94446 -0.32857 0.00653
vn -0.95361 -0.27195 -0.12915
vn -0.88355 -0.40204 -0.24024
vn -0.86056 0.49990 0.09766
vn -0.80111 0.51401 -0.30662
vn -0.91783 0.32024 -0.23458
vn -0.93990 0.29349 0.17452
vn -0.72663 0.32289 -0.60642
vn -0.80714 0.16571 -0.56663
vn -0.49617 0.50195 0.70842
vn -0.42462 0.43035 0.79655
vn 0.27690 -0.27118 0.92184
vn 0.18718 -0.18140 0.96543
vn 0.70439 -0.69867 0.12529
vn 0.68624 -0.68046 0.25701
vn 0.43035 -0.42462 -0.79655
vn 0.50195 -0.49617 -0.70842
vn -0.27118 0.27690 -0.92184
vn -0.18140 0.18718 -0.96543
vn -0.69867 0.70439 -0.12529
vn -0.68046 0.68624 -0.25701
vn 0.08221 -0.37120 -0.92490
vn -0.42594 -0.81867 -0.38518
vn -0.28037 -0.25680 -0.92490
vn -0.25680 -0.28037 0.92490
vn -0.81867 -0.42594 0.38518
vn -0.37120 0.08221 0.92490
vn -0.49385 0.82268 0.28162
vn -0.46641 0.78678 0.40428
vn -0.33001 0.86489 0.37822
vn -0.35111 0.91766 0.18608
vn 0.20193 0.37314 0.90553
vn 0.34607 0.54715 0.76214
vn 0.26864 0.68667 0.67551
vn 0.22673 0.62121 0.75013
vn -0.03493 0.45946 0.88751
vn 0.54127 0.76455 0.35000
vn 0.37885 0.86490 0.32927
vn 0.33317 0.72766 0.59959
vn 0.50105 0.62357 0.60009
vn 0.82418 -0.54191 0.16448
vn 0.90551 -0.36752 0.21209
vn 0.86228 -0.36327 0.35285
vn 0.76635 -0.51923 0.37829
vn 0.80395 0.44330 0.39641
vn 0.60461 0.31751 0.73050
vn 0.75196 0.15437 0.64088
vn 0.91898 0.27257 0.28493
vn 0.44192 0.03818 0.89624
vn 0.54164 -0.09979 0.83467
vn -0.48753 0.87191 -0.04571
vn -0.29893 0.95426 0.00595
vn -0.23212 0.96279 -0.13844
vn -0.37879 0.88997 -0.25390
vn 0.61269 0.78390 0.10060
vn 0.58948 0.79056 -0.16591
vn 0.44348 0.86151 -0.24725
vn 0.47410 0.86858 -0.14419
vn 0.40242 0.89682 0.18378
vn 0.42914 0.65242 -0.62464
vn 0.26955 0.75560 -0.59700
vn 0.43514 0.82962 -0.34983
vn 0.58737 0.70990 -0.38864
vn 0.89136 -0.43708 -0.12016
vn 0.90089 -0.37214 -0.22341
vn 0.95360 -0.27195 -0.12915
vn 0.93623 -0.34936 0.03781
vn 0.73489 0.37424 -0.56558
vn 0.82142 0.53432 -0.19943
vn 0.91783 0.32025 -0.23458
vn 0.79557 0.14917 -0.58721
vn 0.87073 0.46699 0.15412
vn 0.94230 0.30088 0.14676
vn -0.56802 0.74851 -0.34218
vn -0.45912 0.79407 -0.39833
vn -0.49956 0.69534 -0.51666
vn -0.66207 0.60670 -0.43998
vn 0.32515 0.49636 -0.80493
vn 0.14287 0.34395 -0.92806
vn -0.03418 0.38385 -0.92276
vn 0.05013 0.44461 -0.89432
vn 0.19015 0.68455 -0.70373
vn -0.22376 -0.00048 -0.97464
vn -0.35233 0.13372 -0.92627
vn -0.09528 0.29920 -0.94942
vn 0.02506 0.14759 -0.98873
vn 0.71320 -0.65289 -0.25509
vn 0.63189 -0.64114 -0.43550
vn 0.70410 -0.52145 -0.48200
vn 0.81266 -0.47292 -0.34048
vn 0.11127 -0.24939 -0.96199
vn 0.36036 0.07326 -0.92993
vn 0.46466 -0.13292 -0.87545
vn 0.19980 -0.44661 -0.87214
vn 0.63068 0.22693 -0.74212
vn 0.72138 0.07995 -0.68791
vn -0.80380 0.55564 -0.21253
vn -0.78678 0.46641 -0.40428
vn -0.86489 0.33001 -0.37822
vn -0.91766 0.35111 -0.18608
vn -0.37314 -0.20193 -0.90553
vn -0.54715 -0.34607 -0.76214
vn -0.68667 -0.26864 -0.67551
vn -0.62121 -0.22673 -0.75013
vn -0.45946 0.03493 -0.88751
vn -0.76455 -0.54127 -0.35000
vn -0.86490 -0.37885 -0.32927
vn -0.72766 -0.33317 -0.59959
vn -0.62357 -0.50105 -0.60009
vn 0.47707 -0.85137 -0.21811
vn 0.36752 -0.90551 -0.21209
vn 0.36327 -0.86228 -0.35285
vn 0.51923 -0.76635 -0.37829
vn -0.44330 -0.80395 -0.39641
vn -0.31751 -0.60461 -0.73050
vn -0.15437 -0.75196 -0.64088
vn -0.27257 -0.91898 -0.28493
vn -0.03818 -0.44192 -0.89624
vn 0.09979 -0.54164 -0.83467
vn -0.91293 0.40360 0.06056
vn -0.95426 0.29893 -0.00595
vn -0.96279 0.23212 0.13844
vn -0.88997 0.37879 0.25390
vn -0.78390 -0.61269 -0.10060
vn -0.79056 -0.58948 0.16591
vn -0.86151 -0.44348 0.24725
vn -0.86858 -0.47410 0.14419
vn -0.89682 -0.40242 -0.18378
vn -0.65242 -0.42914 0.62464
vn -0.75560 -0.26955 0.59700
vn -0.82962 -0.43514 0.34983
vn -0.70990 -0.58737 0.38864
vn 0.51176 -0.85434 0.09061
vn 0.37214 -0.90089 0.22341
vn 0.27195 -0.95360 0.12915
vn 0.34936 -0.93623 -0.03781
vn -0.37424 -0.73489 0.56558
vn -0.53432 -0.82142 0.19943
vn -0.32025 -0.91783 0.23458
vn -0.14917 -0.79557 0.58721
vn -0.46699 -0.87073 -0.15412
vn -0.30088 -0.94230 -0.14676
vn -0.74783 0.61161 0.25824
vn -0.79407 0.45912 0.39833
vn -0.69534 0.49956 0.51666
vn -0.60670 0.66207 0.43998
vn -0.49636 -0.32515 0.80493
vn -0.34395 -0.14287 0.92806
vn -0.38385 0.03418 0.92276
vn -0.44461 -0.05013 0.89432
vn -0.68455 -0.19015 0.70373
vn 0.00048 0.22376 0.97464
vn -0.13372 0.35233 0.92627
vn -0.29920 0.09528 0.94942
vn -0.14759 -0.02506 0.98873
vn 0.62423 -0.70421 0.33827
vn 0.64114 -0.63189 0.43550
vn 0.52145 -0.70410 0.48200
vn 0.47292 -0.81266 0.34048
vn 0.24939 -0.11127 0.96199
vn -0.07326 -0.36036 0.92993
vn 0.13292 -0.46466 0.87545
vn 0.44661 -0.19980 0.87214
vn -0.22693 -0.63068 0.74212
vn -0.07995 -0.72138 0.68791
vn 0.49804 0.50382 0.70578
vn 0.56038 0.56611 0.60456
vn 0.64898 0.65470 -0.38755
vn 0.67977 0.68555 -0.26062
vn 0.08573 0.09145 -0.99211
vn 0.17884 0.18462 -0.96640
vn -0.56611 -0.56038 -0.60456
vn -0.50382 -0.49804 -0.70578
vn -0.65470 -0.64898 0.38755
vn -0.68555 -0.67977 0.26062
vn -0.09145 -0.08573 0.99211
vn -0.18462 -0.17884 0.96640
vn 0.37120 0.08221 -0.92490
vn 0.81867 -0.42594 -0.38518
vn 0.25680 -0.28037 -0.92490
vn 0.28037 -0.25680 0.92490
vn 0.42594 -0.81867 0.38518
vn -0.08221 -0.37120 0.92490
vn -0.15133 -0.12615 -0.98040
vn -0.12562 -0.19966 -0.97178
vn -0.28510 -0.17137 -0.94306
vn -0.32356 -0.04929 -0.94492
vn -0.43169 -0.82514 -0.36439
vn -0.55149 -0.79883 -0.24027
vn -0.44138 -0.72240 -0.53228
vn -0.30092 -0.75523 -0.58230
vn -0.12766 -0.76127 -0.63575
vn -0.96414 -0.09352 -0.24837
vn -0.89087 -0.08434 -0.44637
vn -0.89670 -0.19733 -0.39622
vn -0.96368 -0.23949 -0.11820
vn -0.22622 -0.76524 0.60268
vn -0.19189 -0.75328 0.62909
vn -0.44138 -0.72240 0.53228
vn -0.30858 -0.80956 0.49939
vn -0.56084 -0.81239 0.15963
vn -0.17681 -0.07895 0.98107
vn -0.32307 -0.07396 0.94348
vn -0.28510 -0.17137 0.94305
vn -0.08367 -0.20055 0.97610
vn -0.96548 -0.15041 0.21267
vn -0.95505 -0.23735 0.17762
vn -0.89670 -0.19733 0.39622
vn -0.89264 -0.05620 0.44726
vn -0.17681 0.07895 -0.98107
vn -0.32307 0.07396 -0.94348
vn -0.28510 0.17137 -0.94306
vn -0.08367 0.20055 -0.97610
vn -0.96548 0.15041 -0.21267
vn -0.95505 0.23735 -0.17762
vn -0.89670 0.19733 -0.39622
vn -0.89264 0.05620 -0.44726
vn -0.22622 0.76525 -0.60268
vn -0.19189 0.75328 -0.62908
vn -0.44138 0.72240 -0.53228
vn -0.30858 0.80956 -0.49939
vn -0.56084 0.81239 -0.15964
vn -0.15133 0.12615 0.98040
vn -0.12562 0.19966 0.97178
vn -0.28510 0.17137 0.94305
vn -0.32356 0.04929 0.94492
vn -0.43169 0.82514 0.36439
vn -0.55149 0.79883 0.24027
vn -0.44138 0.72240 0.53228
vn -0.30093 0.75523 0.58230
vn -0.12766 0.76126 0.63575
vn -0.96414 0.09352 0.24837
vn -0.89087 0.08434 0.44637
vn -0.89670 0.19733 0.39622
vn -0.96368 0.23949 0.11820
vn 0.17682 -0.07895 -0.98107
vn 0.32309 -0.07396 -0.94347
vn 0.28510 -0.17137 -0.94305
vn 0.08367 -0.20055 -0.97610
vn 0.96548 -0.15042 -0.21267
vn 0.95505 -0.23737 -0.17760
vn 0.89670 -0.19733 -0.39622
vn 0.89262 -0.05620 -0.44729
vn 0.22623 -0.76524 -0.60268
vn 0.19188 -0.75327 -0.62909
vn 0.44139 -0.72239 -0.53228
vn 0.30859 -0.80955 -0.49939
vn 0.56087 -0.81237 -0.15963
vn 0.15133 -0.12615 0.98040
vn 0.12562 -0.19966 0.97178
vn 0.28510 -0.17137 0.94305
vn 0.32358 -0.04929 0.94491
vn 0.43171 -0.82513 0.36439
vn 0.55152 -0.79882 0.24025
vn 0.44139 -0.72239 0.53228
vn 0.30093 -0.75523 0.58230
vn 0.12765 -0.76126 0.63576
vn 0.96414 -0.09352 0.24838
vn 0.89085 -0.08433 0.44640
vn 0.89670 -0.19734 0.39622
vn 0.96367 -0.23951 0.11819
vn 0.15133 0.12615 -0.98040
vn 0.12562 0.19966 -0.97178
vn 0.28510 0.17137 -0.94305
vn 0.32358 0.04929 -0.94492
vn 0.43171 0.82514 -0.36439
vn 0.55151 0.79882 -0.24026
vn 0.44139 0.72239 -0.53228
vn 0.30093 0.75523 -0.58230
vn 0.12765 0.76126 -0.63576
vn 0.96414 0.09352 -0.24838
vn 0.89085 0.08433 -0.44640
vn 0.89670 0.19733 -0.39622
vn 0.96367 0.23951 -0.11819
vn 0.17682 0.07895 0.98107
vn 0.32309 0.07396 0.94347
vn 0.28510 0.17137 0.94305
vn 0.08367 0.20055 0.97610
vn 0.96548 0.15042 0.21267
vn 0.95505 0.23737 0.17760
vn 0.89670 0.19734 0.39622
vn 0.89262 0.05620 0.44729
vn 0.22623 0.76524 0.60268
vn 0.19188 0.75327 0.62910
vn 0.44139 0.72239 0.53228
vn 0.30859 0.80955 0.49939
vn 0.56087 0.81237 0.15963
vn -0.43358 -0.89262 -0.12341
vn -0.28643 -0.94994 0.12479
vn -0.43358 0.89262 0.12341
vn -0.28643 0.94994 -0.12479
vn 0.43360 0.89261 -0.12341
vn 0.28644 0.94994 0.12478
vn 0.43361 -0.89261 0.12341
vn 0.28644 -0.94994 -0.12478
vn 0.19731 -0.98034 0.00000
vn 0.39462 -0.91885 0.00000
vn -0.19730 -0.98034 0.00000
vn -0.39460 -0.91885 0.00000
vn -0.19730 0.98034 0.00000
vn -0.39460 0.91885 0.00000
vn 0.19731 0.98034 0.00000
vn 0.39462 0.91885 0.00000
f 1//1 4//2 6//3
f 1//1 6//3 5//4
f 4//2 8//5 9//6
f 4//2 9//6 6//7
f 2//8 7//9 9//10
f 2//8 9//10 8//5
f 7//9 11//11 12//12
f 7//9 12//12 9//13
f 3//14 10//15 12//12
f 3//14 12//12 11//11
f 10//15 5//4 6//7
f 10//15 6//7 12//12
f 6//16 9//10 12//12
f 13//17 16//18 18//19
f 13//17 18//19 17//20
f 16//18 20//21 21//22
f 16//18 21//22 18//23
f 14//24 19//25 21//26
f 14//24 21//26 20//21
f 19//25 23//27 24//28
f 19//25 24//28 21//29
f 15//30 22//31 24//28
f 15//30 24//28 23//27
f 22//31 17//20 18//23
f 22//31 18//23 24//28
f 18//32 21//26 24//28
f 25//33 28//34 30//35
f 25//33 30//35 29//36
f 28//34 32//37 33//38
f 28//34 33//38 30//39
f 26//40 31//41 33//42
f 26//40 33//42 32//37
f 31//41 35//43 36//44
f 31//41 36//44 33//45
f 27//46 34//47 36//44
f 27//46 36//44 35//43
f 34//47 29//36 30//39
f 34//47 30//39 36//44
f 30//48 33//42 36//44
f 37//49 40//50 42//51
f 37//49 42//51 41//52
f 40//50 44//53 45//54
f 40//50 45//54 42//55
f 38//56 43//57 45//58
f 38//56 45//58 44//53
f 43//57 47//59 48//60
f 43//57 48//60 45//61
f 39//62 46//63 48//60
f 39//62 48//60 47//59
f 46//63 41//52 42//55
f 46//63 42//55 48//60
f 42//64 45//58 48//60
f 49//65 52//66 54//67
f 49//65 54//67 53//68
f 52//66 56//69 57//70
f 52//66 57//70 54//71
f 50//72 55//73 57//74
f 50//72 57//74 56//69
f 55//73 59//75 60//76
f 55//73 60//76 57//77
f 51//78 58//79 60//76
f 51//78 60//76 59//75
f 58//79 53//68 54//71
f 58//79 54//71 60//76
f 54//80 57//74 60//76
f 61//81 64//82 66//83
f 61//81 66//83 65//84
f 64//82 68//85 69//86
f 64//82 69//86 66//87
f 62//88 67//89 69//90
f 62//88 69//90 68//85
f 67//89 71//91 72//92
f 67//89 72//92 69//93
f 63//94 70//95 72//92
f 63//94 72//92 71//91
f 70//95 65//84 66//87
f 70//95 66//87 72//92
f 66//96 69//90 72//92
f 73//97 76//98 78//99
f 73//97 78//99 77//100
f 76//98 80//101 81//102
f 76//98 81//102 78//103
f 74//104 79//105 81//106
f 74//104 81//106 80//101
f 79//105 83//107 84//108
f 79//105 84//108 81//109
f 75//110 82//111 84//108
f 75//110 84//108 83//107
f 82//111 77//100 78//103
f 82//111 78//103 84//108
f 78//112 81//106 84//108
f 85//113 88//114 90//115
f 85//113 90//115 89//116
f 88//114 92//117 93//118
f 88//114 93//118 90//119
f 86//120 91//121 93//122
f 86//120 93//122 92//117
f 91//121 95//123 96//124
f 91//121 96//124 93//125
f 87//126 94//127 96//124
f 87//126 96//124 95//123
f 94//127 89//116 90//119
f 94//127 90//119 96//124
f 90//128 93//122 96//124
f 97//129 100//130 102//131
f 97//129 102//131 101//132
f 100//130 104//133 105//134
f 100//130 105//134 102//135
f 98//136 103//137 105//138
f 98//136 105//138 104//133
f 103//137 107//139 108//140
f 103//137 108//140 105//141
f 99//142 106//143 108//140
f 99//142 108//140 107//139
f 106//143 101//132 102//135
f 106//143 102//135 108//140
f 102//144 105//138 108//140
f 109//145 112//146 114//147
f 109//145 114//147 113//148
f 112//146 116//149 117//150
f 112//146 117//150 114//151
f 110//152 115//153 117//154
f 110//152 117//154 116//149
f 115//153 119//155 120//156
f 115//153 120//156 117//157
f 111//158 118//159 120//156
f 111//158 120//156 119//155
f 118//159 113//148 114//151
f 118//159 114//151 120//156
f 114//160 117//154 120//156
f 121//161 124//162 126//163
f 121//161 126//163 125//164
f 124//162 128//165 129//166
f 124//162 129//166 126//167
f 122//168 127//169 129//170
f 122//168 129//170 128//165
f 127//169 131//171 132//172
f 127//169 132//172 129//173
f 123//174 130//175 132//172
f 123//174 132//172 131//171
f 130//175 125//164 126//167
f 130//175 126//167 132//172
f 126//176 129//170 132//172
f 133//177 136//178 138//179
f 133//177 138//179 137//180
f 136//178 140//181 141//182
f 136//178 141//182 138//183
f 134//184 139//185 141//186
f 134//184 141//186 140//181
f 139//185 143//187 144//188
f 139//185 144//188 141//189
f 135//190 142//191 144//188
f 135//190 144//188 143//187
f 142//191 137//180 138//183
f 142//191 138//183 144//188
f 138//192 141//186 144//188
f 145//193 148//194 150//195
f 145//193 150//195 149//196
f 148//194 152//197 153//198
f 148//194 153//198 150//199
f 146//200 151//201 153//202
f 146//200 153//202 152//197
f 151//201 155//203 156//204
f 151//201 156//204 153//205
f 147//206 154//207 156//204
f 147//206 156//204 155//203
f 154//207 149//196 150//199
f 154//207 150//199 156//204
f 150//208 153//202 156//204
f 157//209 160//210 162//211
f 157//209 162//211 161//212
f 160//210 164//213 165//214
f 160//210 165//214 162//215
f 158//216 163//217 165//218
f 158//216 165//218 164//213
f 163//217 167//219 168//220
f 163//217 168//220 165//221
f 159//222 166//223 168//220
f 159//222 168//220 167//219
f 166//223 161//212 162//215
f 166//223 162//215 168//220
f 162//224 165//218 168//220
f 169//225 172//226 174//227
f 169//225 174//227 173//228
f 172//226 176//229 177//230
f 172//226 177//230 174//231
f 170//232 175//233 177//234
f 170//232 177//234 176//229
f 175//233 179//235 180//236
f 175//233 180//236 177//237
f 171//238 178//239 180//236
f 171//238 180//236 179//235
f 178//239 173//228 174//231
f 178//239 174//231 180//236
f 174//240 177//234 180//236
f 181//241 184//242 186//243
f 181//241 186//243 185//244
f 184//242 188//245 189//246
f 184//242 189//246 186//247
f 182//248 187//249 189//250
f 182//248 189//250 188//245
f 187//249 191//251 192//252
f 187//249 192//252 189//253
f 183//254 190//255 192//252
f 183//254 192//252 191//251
f 190//255 185//244 186//247
f 190//255 186//247 192//252
f 186//256 189//250 192//252
f 3//14 26//40 32//37
f 3//14 32//37 10//15
f 10//15 32//37 28//34
f 10//15 28//34 5//4
f 5//4 28//34 25//33
f 5//4 25//33 1//1
f 39//62 14//24 20//21
f 39//62 20//21 46//63
f 46//63 20//21 16//18
f 46//63 16//18 41//52
f 41//52 16//18 13//17
f 41//52 13//17 37//49
f 2//8 15//30 23//27
f 2//8 23//27 7//9
f 7//9 23//27 19//25
f 7//9 19//25 11//11
f 11//11 19//25 14//24
f 11//11 14//24 3//14
f 38//56 27//46 35//43
f 38//56 35//43 43//57
f 43//57 35//43 31//41
f 43//57 31//41 47//59
f 47//59 31//41 26//40
f 47//59 26//40 39//62
f 27//46 50//72 56//69
f 27//46 56//69 34//47
f 34//47 56//69 52//66
f 34//47 52//66 29//36
f 29//36 52//66 49//65
f 29//36 49//65 25//33
f 63//94 38//56 44//53
f 63//94 44//53 70//95
f 70//95 44//53 40//50
f 70//95 40//50 65//84
f 65//84 40//50 37//49
f 65//84 37//49 61//81
f 62//88 51//78 59//75
f 62//88 59//75 67//89
f 67//89 59//75 55//73
f 67//89 55//73 71//91
f 71//91 55//73 50//72
f 71//91 50//72 63//94
f 51//78 74//104 80//101
f 51//78 80//101 58//79
f 58//79 80//101 76//98
f 58//79 76//98 53//68
f 53//68 76//98 73//97
f 53//68 73//97 49//65
f 87//126 62//88 68//85
f 87//126 68//85 94//127
f 94//127 68//85 64//82
f 94//127 64//82 89//116
f 89//116 64//82 61//81
f 89//116 61//81 85//113
f 86//120 75//110 83//107
f 86//120 83//107 91//121
f 91//121 83//107 79//105
f 91//121 79//105 95//123
f 95//123 79//105 74//104
f 95//123 74//104 87//126
f 75//110 98//136 104//133
f 75//110 104//133 82//111
f 82//111 104//133 100//130
f 82//111 100//130 77//100
f 77//100 100//130 97//129
f 77//100 97//129 73//97
f 111//158 86//120 92//117
f 111//158 92//117 118//159
f 118//159 92//117 88//114
f 118//159 88//114 113//148
f 113//148 88//114 85//113
f 113//148 85//113 109//145
f 110//152 99//142 107//139
f 110//152 107//139 115//153
f 115//153 107//139 103//137
f 115//153 103//137 119//155
f 119//155 103//137 98//136
f 119//155 98//136 111//158
f 99//142 122//168 128//165
f 99//142 128//165 106//143
f 106//143 128//165 124//162
f 106//143 124//162 101//132
f 101//132 124//162 121//161
f 101//132 121//161 97//129
f 135//190 110//152 116//149
f 135//190 116//149 142//191
f 142//191 116//149 112//146
f 142//191 112//146 137//180
f 137//180 112//146 109//145
f 137//180 109//145 133//177
f 134//184 123//174 131//171
f 134//184 131//171 139//185
f 139//185 131//171 127//169
f 139//185 127//169 143//187
f 143//187 127//169 122//168
f 143//187 122//168 135//190
f 123//174 146//200 152//197
f 123//174 152//197 130//175
f 130//175 152//197 148//194
f 130//175 148//194 125//164
f 125//164 148//194 145//193
f 125//164 145//193 121//161
f 159//222 134//184 140//181
f 159//222 140//181 166//223
f 166//223 140//181 136//178
f 166//223 136//178 161//212
f 161//212 136//178 133//177
f 161//212 133//177 157//209
f 158//216 147//206 155//203
f 158//216 155//203 163//217
f 163//217 155//203 151//201
f 163//217 151//201 167//219
f 167//219 151//201 146//200
f 167//219 146//200 159//222
f 147//206 170//232 176//229
f 147//206 176//229 154//207
f 154//207 176//229 172//226
f 154//207 172//226 149//196
f 149//196 172//226 169//225
f 149//196 169//225 145//193
f 183//254 158//216 164//213
f 183//254 164//213 190//255
f 190//255 164//213 160//210
f 190//255 160//210 185//244
f 185//244 160//210 157//209
f 185//244 157//209 181//241
f 182//248 171//238 179//235
f 182//248 179//235 187//249
f 187//249 179//235 175//233
f 187//249 175//233 191//251
f 191//251 175//233 170//232
f 191//251 170//232 183//254
f 171//238 2//8 8//5
f 171//238 8//5 178//239
f 178//239 8//5 4//2
f 178//239 4//2 173//228
f 173//228 4//2 1//1
f 173//228 1//1 169//225
f 15//30 182//248 188//245
f 15//30 188//245 22//31
f 22//31 188//245 184//242
f 22//31 184//242 17//20
f 17//20 184//242 181//241
f 17//20 181//241 13//17
f 169//225 1//1 25//33
f 25//33 49//65 73//97
f 73//97 97//129 121//161
f 121//161 145//193 169//225
f 169//225 25//33 73//97
f 73//97 121//161 169//225
f 3//14 14//24 39//62
f 3//14 39//62 26//40
f 171//238 182//248 15//30
f 171//238 15//30 2//8
f 61//81 37//49 13//17
f 13//17 181//241 157//209
f 157//209 133//177 109//145
f 109//145 85//113 61//81
f 61//81 13//17 157//209
f 157//209 109//145 61//81
f 27//46 38//56 63//94
f 27//46 63//94 50//72
f 51//78 62//88 87//126
f 51//78 87//126 74//104
f 75//110 86//120 111//158
f 75//110 111//158 98//136
f 99//142 110//152 135//190
f 99//142 135//190 122//168
f 123//174 134//184 159//222
f 123//174 159//222 146//200
f 147//206 158//216 183//254
f 147//206 183//254 170//232
f 195//257 194//258 205//259
f 195//257 205//259 206//260
f 546//261 201//262 212//263
f 546//261 212//263 213//264
f 199//265 198//266 209//267
f 199//265 209//267 210//268
f 196//269 195//257 206//260
f 196//269 206//260 207//270
f 202//271 546//261 213//264
f 202//271 213//264 214//272
f 545//273 193//274 204//275
f 200//276 199//265 210//268
f 200//276 210//268 211//277
f 197//278 196//269 207//270
f 197//278 207//270 208//279
f 203//280 202//271 214//272
f 194//258 545//273 204//275
f 194//258 204//275 205//259
f 201//262 200//276 211//277
f 201//262 211//277 212//263
f 198//266 197//278 208//279
f 198//266 208//279 209//267
f 204//275 193//274 215//281
f 211//277 210//268 221//282
f 211//277 221//282 222//283
f 208//279 207//270 218//284
f 208//279 218//284 219//285
f 203//280 214//272 225//286
f 205//259 204//275 215//281
f 205//259 215//281 216//287
f 212//263 211//277 222//283
f 212//263 222//283 223//288
f 209//267 208//279 219//285
f 209//267 219//285 220//289
f 206//260 205//259 216//287
f 206//260 216//287 217//290
f 213//264 212//263 223//288
f 213//264 223//288 224//291
f 210//268 209//267 220//289
f 210//268 220//289 221//282
f 207//270 206//260 217//290
f 207//270 217//290 218//284
f 214//272 213//264 224//291
f 214//272 224//291 225//286
f 224//291 223//288 234//292
f 224//291 234//292 235//293
f 221//282 220//289 231//294
f 221//282 231//294 232//295
f 218//284 217//290 228//296
f 218//284 228//296 229//297
f 225//286 224//291 235//293
f 225//286 235//293 236//298
f 215//281 193//274 226//299
f 222//283 221//282 232//295
f 222//283 232//295 233//300
f 219//285 218//284 229//297
f 219//285 229//297 230//301
f 203//280 225//286 236//298
f 216//287 215//281 226//299
f 216//287 226//299 227//302
f 223//288 222//283 233//300
f 223//288 233//300 234//292
f 220//289 219//285 230//301
f 220//289 230//301 231//294
f 217//290 216//287 227//302
f 217//290 227//302 228//296
f 227//302 226//299 237//303
f 227//302 237//303 238//304
f 234//292 233//300 244//305
f 234//292 244//305 245//306
f 231//294 230//301 241//307
f 231//294 241//307 242//308
f 228//296 227//302 238//304
f 228//296 238//304 239//309
f 235//293 234//292 245//306
f 235//293 245//306 246//310
f 232//295 231//294 242//308
f 232//295 242//308 243//311
f 229//297 228//296 239//309
f 229//297 239//309 240//312
f 236//298 235//293 246//310
f 236//298 246//310 247//313
f 226//299 193//274 237//303
f 233//300 232//295 243//311
f 233//300 243//311 244//305
f 230//301 229//297 240//312
f 230//301 240//312 241//307
f 203//280 236//298 247//313
f 247//313 246//310 257//314
f 247//313 257//314 258//315
f 237//303 193//274 248//316
f 244//305 243//311 254//317
f 244//305 254//317 255//318
f 241//307 240//312 251//319
f 241//307 251//319 252//320
f 203//280 247//313 258//315
f 238//304 237//303 248//316
f 238//304 248//316 249//321
f 245//306 244//305 255//318
f 245//306 255//318 256//322
f 242//308 241//307 252//320
f 242//308 252//320 253//323
f 239//309 238//304 249//321
f 239//309 249//321 250//324
f 246//310 245//306 256//322
f 246//310 256//322 257//314
f 243//311 242//308 253//323
f 243//311 253//323 254//317
f 240//312 239//309 250//324
f 240//312 250//324 251//319
f 250//324 249//321 260//325
f 250//324 260//325 261//326
f 257//314 256//322 267//327
f 257//314 267//327 268//328
f 254//317 253//323 264//329
f 254//317 264//329 265//330
f 251//319 250//324 261//326
f 251//319 261//326 262//331
f 258//315 257//314 268//328
f 258//315 268//328 269//332
f 248//316 193//274 259//333
f 255//318 254//317 265//330
f 255//318 265//330 266//334
f 252//320 251//319 262//331
f 252//320 262//331 263//335
f 203//280 258//315 269//332
f 249//321 248//316 259//333
f 249//321 259//333 260//325
f 256//322 255//318 266//334
f 256//322 266//334 267//327
f 253//323 252//320 263//335
f 253//323 263//335 264//329
f 203//280 269//332 280//336
f 260//325 259//333 270//337
f 260//325 270//337 271//338
f 267//327 266//334 277//339
f 267//327 277//339 278//340
f 264//329 263//335 274//341
f 264//329 274//341 275//342
f 261//326 260//325 271//338
f 261//326 271//338 272//343
f 268//328 267//327 278//340
f 268//328 278//340 279//344
f 265//330 264//329 275//342
f 265//330 275//342 276//345
f 262//331 261//326 272//343
f 262//331 272//343 273//346
f 269//332 268//328 279//344
f 269//332 279//344 280//336
f 259//333 193//274 270//337
f 266//334 265//330 276//345
f 266//334 276//345 277//339
f 263//335 262//331 273//346
f 263//335 273//346 274//341
f 273//346 272//343 283//347
f 273//346 283//347 284//348
f 280//336 279//344 290//349
f 280//336 290//349 291//350
f 270//337 193//274 281//351
f 277//339 276//345 287//352
f 277//339 287//352 288//353
f 274//341 273//346 284//348
f 274//341 284//348 285//354
f 203//280 280//336 291//350
f 271//338 270//337 281//351
f 271//338 281//351 282//355
f 278//340 277//339 288//353
f 278//340 288//353 289//356
f 275//342 274//341 285//354
f 275//342 285//354 286//357
f 272//343 271//338 282//355
f 272//343 282//355 283//347
f 279//344 278//340 289//356
f 279//344 289//356 290//349
f 276//345 275//342 286//357
f 276//345 286//357 287//352
f 283//347 282//355 293//358
f 283//347 293//358 294//359
f 290//349 289//356 300//360
f 290//349 300//360 301//361
f 287//352 286//357 297//362
f 287//352 297//362 298//363
f 284//348 283//347 294//359
f 284//348 294//359 295//364
f 291//350 290//349 301//361
f 291//350 301//361 302//365
f 281//351 193//274 292//366
f 288//353 287//352 298//363
f 288//353 298//363 299//367
f 285//354 284//348 295//364
f 285//354 295//364 296//368
f 203//280 291//350 302//365
f 282//355 281//351 292//366
f 282//355 292//366 293//358
f 289//356 288//353 299//367
f 289//356 299//367 300//360
f 286//357 285//354 296//368
f 286//357 296//368 297//362
f 296//368 295//364 306//369
f 296//368 306//369 307//370
f 203//280 302//365 313//371
f 293//358 292//366 303//372
f 293//358 303//372 304//373
f 300//360 299//367 310//374
f 300//360 310//374 311//375
f 297//362 296//368 307//370
f 297//362 307//370 308//376
f 294//359 293//358 304//373
f 294//359 304//373 305//377
f 301//361 300//360 311//375
f 301//361 311//375 312//378
f 298//363 297//362 308//376
f 298//363 308//376 309//379
f 295//364 294//359 305//377
f 295//364 305//377 306//369
f 302//365 301//361 312//378
f 302//365 312//378 313//371
f 292//366 193//274 303//372
f 299//367 298//363 309//379
f 299//367 309//379 310//374
f 306//369 305//377 316//380
f 306//369 316//380 317//381
f 313//371 312//378 323//382
f 313//371 323//382 324//383
f 303//372 193//274 314//384
f 310//374 309//379 320//385
f 310//374 320//385 321//386
f 307//370 306//369 317//381
f 307//370 317//381 318//387
f 203//280 313//371 324//383
f 304//373 303//372 314//384
f 304//373 314//384 315//388
f 311//375 310//374 321//386
f 311//375 321//386 322//389
f 308//376 307//370 318//387
f 308//376 318//387 319//390
f 305//377 304//373 315//388
f 305//377 315//388 316//380
f 312//378 311//375 322//389
f 312//378 322//389 323//382
f 309//379 308//376 319//390
f 309//379 319//390 320//385
f 319//390 318//387 329//391
f 319//390 329//391 330//392
f 316//380 315//388 326//393
f 316//380 326//393 327//394
f 323//382 322//389 333//395
f 323//382 333//395 334//396
f 320//385 319//390 330//392
f 320//385 330//392 331//397
f 317//381 316//380 327//394
f 317//381 327//394 328//398
f 324//383 323//382 334//396
f 324//383 334//396 335//399
f 314//384 193//274 325//400
f 321//386 320//385 331//397
f 321//386 331//397 332//401
f 318//387 317//381 328//398
f 318//387 328//398 329//391
f 203//280 324//383 335//399
f 315//388 314//384 325//400
f 315//388 325//400 326//393
f 322//389 321//386 332//401
f 322//389 332//401 333//395
f 329//391 328//398 339//402
f 329//391 339//402 340//403
f 203//280 335//399 346//404
f 326//393 325//400 336//405
f 326//393 336//405 337//406
f 333//395 332//401 343//407
f 333//395 343//407 344//408
f 330//392 329//391 340//403
f 330//392 340//403 341//409
f 327//394 326//393 337//406
f 327//394 337//406 338//410
f 334//396 333//395 344//408
f 334//396 344//408 345//411
f 331//397 330//392 341//409
f 331//397 341//409 342//412
f 328//398 327//394 338//410
f 328//398 338//410 339//402
f 335//399 334//396 345//411
f 335//399 345//411 346//404
f 325//400 193//274 336//405
f 332//401 331//397 342//412
f 332//401 342//412 343//407
f 342//412 341//409 352//413
f 342//412 352//413 353//414
f 339//402 338//410 349//415
f 339//402 349//415 350//416
f 346//404 345//411 356//417
f 346//404 356//417 357//418
f 336//405 193//274 347//419
f 343//407 342//412 353//414
f 343//407 353//414 354//420
f 340//403 339//402 350//416
f 340//403 350//416 351//421
f 203//280 346//404 357//418
f 337//406 336//405 347//419
f 337//406 347//419 348//422
f 344//408 343//407 354//420
f 344//408 354//420 355//423
f 341//409 340//403 351//421
f 341//409 351//421 352//413
f 338//410 337//406 348//422
f 338//410 348//422 349//415
f 345//411 344//408 355//423
f 345//411 355//423 356//417
f 352//413 351//421 362//424
f 352//413 362//424 363//425
f 349//415 348//422 359//426
f 349//415 359//426 360//427
f 356//417 355//423 366//428
f 356//417 366//428 367//429
f 353//414 352//413 363//425
f 353//414 363//425 364//430
f 350//416 349//415 360//427
f 350//416 360//427 361//431
f 357//418 356//417 367//429
f 357//418 367//429 368//432
f 347//419 193//274 358//433
f 354//420 353//414 364//430
f 354//420 364//430 365//434
f 351//421 350//416 361//431
f 351//421 361//431 362//424
f 203//280 357//418 368//432
f 348//422 347//419 358//433
f 348//422 358//433 359//426
f 355//423 354//420 365//434
f 355//423 365//434 366//428
f 365//434 364//430 375//435
f 365//434 375//435 376//436
f 362//424 361//431 372//437
f 362//424 372//437 373//438
f 203//280 368//432 379//439
f 359//426 358//433 369//440
f 359//426 369//440 370//441
f 366//428 365//434 376//436
f 366//428 376//436 377//442
f 363//425 362//424 373//438
f 363//425 373//438 374//443
f 360//427 359//426 370//441
f 360//427 370//441 371//444
f 367//429 366//428 377//442
f 367//429 377//442 378//445
f 364//430 363//425 374//443
f 364//430 374//443 375//435
f 361//431 360//427 371//444
f 361//431 371//444 372//437
f 368//432 367//429 378//445
f 368//432 378//445 379//439
f 358//433 193//274 369//440
f 375//435 374//443 385//446
f 375//435 385//446 386//447
f 372//437 371//444 382//448
f 372//437 382//448 383//449
f 379//439 378//445 389//450
f 379//439 389//450 390//451
f 369//440 193//274 380//452
f 376//436 375//435 386//447
f 376//436 386//447 387//453
f 373//438 372//437 383//449
f 373//438 383//449 384//454
f 203//280 379//439 390//451
f 370//441 369//440 380//452
f 370//441 380//452 381//455
f 377//442 376//436 387//453
f 377//442 387//453 388//456
f 374//443 373//438 384//454
f 374//443 384//454 385//446
f 371//444 370//441 381//455
f 371//444 381//455 382//448
f 378//445 377//442 388//456
f 378//445 388//456 389//450
f 388//456 387//453 398//457
f 388//456 398//457 399//458
f 385//446 384//454 395//459
f 385//446 395//459 396//460
f 382//448 381//455 392//461
f 382//448 392//461 393//462
f 389//450 388//456 399//458
f 389//450 399//458 400//463
f 386//447 385//446 396//460
f 386//447 396//460 397//464
f 383//449 382//448 393//462
f 383//449 393//462 394//465
f 390//451 389//450 400//463
f 390//451 400//463 401//466
f 380//452 193//274 391//467
f 387//453 386//447 397//464
f 387//453 397//464 398//457
f 384//454 383//449 394//465
f 384//454 394//465 395//459
f 203//280 390//451 401//466
f 381//455 380//452 391//467
f 381//455 391//467 392//461
f 391//467 193//274 402//468
f 398//457 397//464 408//469
f 398//457 408//469 409//470
f 395//459 394//465 405//471
f 395//459 405//471 406//472
f 203//280 401//466 412//473
f 392//461 391//467 402//468
f 392//461 402//468 403//474
f 399//458 398//457 409//470
f 399//458 409//470 410//475
f 396//460 395//459 406//472
f 396//460 406//472 407//476
f 393//462 392//461 403//474
f 393//462 403//474 404//477
f 400//463 399//458 410//475
f 400//463 410//475 411//478
f 397//464 396//460 407//476
f 397//464 407//476 408//469
f 394//465 393//462 404//477
f 394//465 404//477 405//471
f 401//466 400//463 411//478
f 401//466 411//478 412//473
f 411//478 410//475 421//479
f 411//478 421//479 422//480
f 408//469 407//476 418//481
f 408//469 418//481 419//482
f 405//471 404//477 415//483
f 405//471 415//483 416//484
f 412//473 411//478 422//480
f 412//473 422//480 423//485
f 402//468 193//274 413//486
f 409//470 408//469 419//482
f 409//470 419//482 420//487
f 406//472 405//471 416//484
f 406//472 416//484 417//488
f 203//280 412//473 423//485
f 403//474 402//468 413//486
f 403//474 413//486 414//489
f 410//475 409//470 420//487
f 410//475 420//487 421//479
f 407//476 406//472 417//488
f 407//476 417//488 418//481
f 404//477 403//474 414//489
f 404//477 414//489 415//483
f 414//489 413//486 424//490
f 414//489 424//490 425//491
f 421//479 420//487 431//492
f 421//479 431//492 432//493
f 418//481 417//488 428//494
f 418//481 428//494 429//495
f 415//483 414//489 425//491
f 415//483 425//491 426//496
f 422//480 421//479 432//493
f 422//480 432//493 433//497
f 419//482 418//481 429//495
f 419//482 429//495 430//498
f 416//484 415//483 426//496
f 416//484 426//496 427//499
f 423//485 422//480 433//497
f 423//485 433//497 434//500
f 413//486 193//274 424//490
f 420//487 419//482 430//498
f 420//487 430//498 431//492
f 417//488 416//484 427//499
f 417//488 427//499 428//494
f 203//280 423//485 434//500
f 434//500 433//497 444//501
f 434//500 444//501 445//502
f 424//490 193//274 435//503
f 431//492 430//498 441//504
f 431//492 441//504 442//505
f 428//494 427//499 438//506
f 428//494 438//506 439//507
f 203//280 434//500 445//502
f 425//491 424//490 435//503
f 425//491 435//503 436//508
f 432//493 431//492 442//505
f 432//493 442//505 443//509
f 429//495 428//494 439//507
f 429//495 439//507 440//510
f 426//496 425//491 436//508
f 426//496 436//508 437//511
f 433//497 432//493 443//509
f 433//497 443//509 444//501
f 430//498 429//495 440//510
f 430//498 440//510 441//504
f 427//499 426//496 437//511
f 427//499 437//511 438//506
f 437//511 436//508 447//512
f 437//511 447//512 448//513
f 444//501 443//509 454//514
f 444//501 454//514 455//515
f 441//504 440//510 451//516
f 441//504 451//516 452//517
f 438//506 437//511 448//513
f 438//506 448//513 449//518
f 445//502 444//501 455//515
f 445//502 455//515 456//519
f 435//503 193//274 446//520
f 442//505 441//504 452//517
f 442//505 452//517 453//521
f 439//507 438//506 449//518
f 439//507 449//518 450//522
f 203//280 445//502 456//519
f 436//508 435//503 446//520
f 436//508 446//520 447//512
f 443//509 442//505 453//521
f 443//509 453//521 454//514
f 440//510 439//507 450//522
f 440//510 450//522 451//516
f 203//280 456//519 467//523
f 447//512 446//520 457//524
f 447//512 457//524 458//525
f 454//514 453//521 464//526
f 454//514 464//526 465//527
f 451//516 450//522 461//528
f 451//516 461//528 462//529
f 448//513 447//512 458//525
f 448//513 458//525 459//530
f 455//515 454//514 465//527
f 455//515 465//527 466//531
f 452//517 451//516 462//529
f 452//517 462//529 463//532
f 449//518 448//513 459//530
f 449//518 459//530 460//533
f 456//519 455//515 466//531
f 456//519 466//531 467//523
f 446//520 193//274 457//524
f 453//521 452//517 463//532
f 453//521 463//532 464//526
f 450//522 449//518 460//533
f 450//522 460//533 461//528
f 460//533 459//530 470//534
f 460//533 470//534 471//535
f 467//523 466//531 477//536
f 467//523 477//536 478//537
f 457//524 193//274 468//538
f 464//526 463//532 474//539
f 464//526 474//539 475//540
f 461//528 460//533 471//535
f 461//528 471//535 472//541
f 203//280 467//523 478//537
f 458//525 457//524 468//538
f 458//525 468//538 469//542
f 465//527 464//526 475//540
f 465//527 475//540 476//543
f 462//529 461//528 472//541
f 462//529 472//541 473//544
f 459//530 458//525 469//542
f 459//530 469//542 470//534
f 466//531 465//527 476//543
f 466//531 476//543 477//536
f 463//532 462//529 473//544
f 463//532 473//544 474//539
f 470//534 469//542 480//545
f 470//534 480//545 481//546
f 477//536 476//543 487//547
f 477//536 487//547 488//548
f 474//539 473//544 484//549
f 474//539 484//549 485//550
f 471//535 470//534 481//546
f 471//535 481//546 482//551
f 478//537 477//536 488//548
f 478//537 488//548 489//552
f 468//538 193//274 479//553
f 475//540 474//539 485//550
f 475//540 485//550 486//554
f 472//541 471//535 482//551
f 472//541 482//551 483//555
f 203//280 478//537 489//552
f 469//542 468//538 479//553
f 469//542 479//553 480//545
f 476//543 475//540 486//554
f 476//543 486//554 487//547
f 473//544 472//541 483//555
f 473//544 483//555 484//549
f 483//555 482//551 493//556
f 483//555 493//556 494//557
f 203//280 489//552 500//558
f 480//545 479//553 490//559
f 480//545 490//559 491//560
f 487//547 486//554 497//561
f 487//547 497//561 498//562
f 484//549 483//555 494//557
f 484//549 494//557 495//563
f 481//546 480//545 491//560
f 481//546 491//560 492//564
f 488//548 487//547 498//562
f 488//548 498//562 499//565
f 485//550 484//549 495//563
f 485//550 495//563 496//566
f 482//551 481//546 492//564
f 482//551 492//564 493//556
f 489//552 488//548 499//565
f 489//552 499//565 500//558
f 479//553 193//274 490//559
f 486//554 485//550 496//566
f 486//554 496//566 497//561
f 493//556 492//564 503//567
f 493//556 503//567 504//568
f 500//558 499//565 510//569
f 500//558 510//569 511//570
f 490//559 193//274 501//571
f 497//561 496//566 507//572
f 497//561 507//572 508//573
f 494//557 493//556 504//568
f 494//557 504//568 505//574
f 203//280 500//558 511//570
f 491//560 490//559 501//571
f 491//560 501//571 502//575
f 498//562 497//561 508//573
f 498//562 508//573 509//576
f 495//563 494//557 505//574
f 495//563 505//574 506//577
f 492//564 491//560 502//575
f 492//564 502//575 503//567
f 499//565 498//562 509//576
f 499//565 509//576 510//569
f 496//566 495//563 506//577
f 496//566 506//577 507//572
f 506//577 505//574 516//578
f 506//577 516//578 517//579
f 503//567 502//575 513//580
f 503//567 513//580 514//581
f 510//569 509//576 520//582
f 510//569 520//582 521//583
f 507//572 506//577 517//579
f 507//572 517//579 518//584
f 504//568 503//567 514//581
f 504//568 514//581 515//585
f 511//570 510//569 521//583
f 511//570 521//583 522//586
f 501//571 193//274 512//587
f 508//573 507//572 518//584
f 508//573 518//584 519//588
f 505//574 504//568 515//585
f 505//574 515//585 516//578
f 203//280 511//570 522//586
f 502//575 501//571 512//587
f 502//575 512//587 513//580
f 509//576 508//573 519//588
f 509//576 519//588 520//582
f 516//578 515//585 526//589
f 516//578 526//589 527//590
f 203//280 522//586 533//591
f 513//580 512//587 523//592
f 513//580 523//592 524//593
f 520//582 519//588 530//594
f 520//582 530//594 531//595
f 517//579 516//578 527//590
f 517//579 527//590 528//596
f 514//581 513//580 524//593
f 514//581 524//593 525//597
f 521//583 520//582 531//595
f 521//583 531//595 532//598
f 518//584 517//579 528//596
f 518//584 528//596 529//599
f 515//585 514//581 525//597
f 515//585 525//597 526//589
f 522//586 521//583 532//598
f 522//586 532//598 533//591
f 512//587 193//274 523//592
f 519//588 518//584 529//599
f 519//588 529//599 530//594
f 529//599 528//596 539//600
f 529//599 539//600 540//601
f 526//589 525//597 536//602
f 526//589 536//602 537//603
f 533//591 532//598 543//604
f 533//591 543//604 544//605
f 523//592 193//274 534//606
f 530//594 529//599 540//601
f 530//594 540//601 541//607
f 527//590 526//589 537//603
f 527//590 537//603 538//608
f 203//280 533//591 544//605
f 524//593 523//592 534//606
f 524//593 534//606 535//609
f 531//595 530//594 541//607
f 531//595 541//607 542//610
f 528//596 527//590 538//608
f 528//596 538//608 539//600
f 525//597 524//593 535//609
f 525//597 535//609 536//602
f 532//598 531//595 542//610
f 532//598 542//610 543//604
f 539//600 538//608 197//278
f 539//600 197//278 198//266
f 536//602 535//609 194//258
f 536//602 194//258 195//257
f 543//604 542//610 201//262
f 543//604 201//262 546//261
f 540//601 539//600 198//266
f 540//601 198//266 199//265
f 537//603 536//602 195//257
f 537//603 195//257 196//269
f 544//605 543//604 546//261
f 544//605 546//261 202//271
f 534//606 193//274 545//273
f 541//607 540//601 199//265
f 541//607 199//265 200//276
f 538//608 537//603 196//269
f 538//608 196//269 197//278
f 203//280 544//605 202//271
f 535//609 534//606 545//273
f 535//609 545//273 194//258
f 542//610 541//607 200//276
f 542//610 200//276 201//262
f 548//611 896//612 555//613
f 548//611 555//613 556//614
f 899//615 552//616 562//617
f 899//615 562//617 563//618
f 550//619 898//266 559//267
f 550//619 559//267 560//620
f 549//621 548//611 556//614
f 549//621 556//614 557//622
f 900//623 899//615 563//618
f 900//623 563//618 564//624
f 895//625 547//274 554//626
f 551//627 550//619 560//620
f 551//627 560//620 561//628
f 897//629 549//621 557//622
f 897//629 557//622 558//630
f 553//280 900//623 564//624
f 896//612 895//625 554//626
f 896//612 554//626 555//613
f 552//616 551//627 561//628
f 552//616 561//628 562//617
f 898//266 897//629 558//630
f 898//266 558//630 559//267
f 554//626 547//274 565//631
f 561//628 560//620 571//632
f 561//628 571//632 572//633
f 558//630 557//622 568//634
f 558//630 568//634 569//635
f 553//280 564//624 575//636
f 555//613 554//626 565//631
f 555//613 565//631 566//637
f 562//617 561//628 572//633
f 562//617 572//633 573//638
f 559//267 558//630 569//635
f 559//267 569//635 570//289
f 556//614 555//613 566//637
f 556//614 566//637 567//639
f 563//618 562//617 573//638
f 563//618 573//638 574//640
f 560//620 559//267 570//289
f 560//620 570//289 571//632
f 557//622 556//614 567//639
f 557//622 567//639 568//634
f 564//624 563//618 574//640
f 564//624 574//640 575//636
f 574//640 573//638 584//641
f 574//640 584//641 585//642
f 571//632 570//289 581//294
f 571//632 581//294 582//643
f 568//634 567//639 578//644
f 568//634 578//644 579//645
f 575//636 574//640 585//642
f 575//636 585//642 586//646
f 565//631 547//274 576//647
f 572//633 571//632 582//643
f 572//633 582//643 583//648
f 569//635 568//634 579//645
f 569//635 579//645 580//649
f 553//280 575//636 586//646
f 566//637 565//631 576//647
f 566//637 576//647 577//650
f 573//638 572//633 583//648
f 573//638 583//648 584//641
f 570//289 569//635 580//649
f 570//289 580//649 581//294
f 567//639 566//637 577//650
f 567//639 577//650 578//644
f 577//650 576//647 587//651
f 577//650 587//651 588//652
f 584//641 583//648 594//653
f 584//641 594//653 595//654
f 581//294 580//649 591//655
f 581//294 591//655 592//308
f 578//644 577//650 588//652
f 578//644 588//652 589//656
f 585//642 584//641 595//654
f 585//642 595//654 596//657
f 582//643 581//294 592//308
f 582//643 592//308 593//658
f 579//645 578//644 589//656
f 579//645 589//656 590//659
f 586//646 585//642 596//657
f 586//646 596//657 597//660
f 576//647 547//274 587//651
f 583//648 582//643 593//658
f 583//648 593//658 594//653
f 580//649 579//645 590//659
f 580//649 590//659 591//655
f 553//280 586//646 597//660
f 597//660 596//657 607//661
f 597//660 607//661 608//662
f 587//651 547//274 598//663
f 594//653 593//658 604//664
f 594//653 604//664 605//665
f 591//655 590//659 601//666
f 591//655 601//666 602//667
f 553//280 597//660 608//662
f 588//652 587//651 598//663
f 588//652 598//663 599//668
f 595//654 594//653 605//665
f 595//654 605//665 606//669
f 592//308 591//655 602//667
f 592//308 602//667 603//323
f 589//656 588//652 599//668
f 589//656 599//668 600//670
f 596//657 595//654 606//669
f 596//657 606//669 607//661
f 593//658 592//308 603//323
f 593//658 603//323 604//664
f 590//659 589//656 600//670
f 590//659 600//670 601//666
f 600//670 599//668 610//671
f 600//670 610//671 611//672
f 607//661 606//669 617//673
f 607//661 617//673 618//674
f 604//664 603//323 614//329
f 604//664 614//329 615//675
f 601//666 600//670 611//672
f 601//666 611//672 612//676
f 608//662 607//661 618//674
f 608//662 618//674 619//677
f 598//663 547//274 609//678
f 605//665 604//664 615//675
f 605//665 615//675 616//679
f 602//667 601//666 612//676
f 602//667 612//676 613//680
f 553//280 608//662 619//677
f 599//668 598//663 609//678
f 599//668 609//678 610//671
f 606//669 605//665 616//679
f 606//669 616//679 617//673
f 603//323 602//667 613//680
f 603//323 613//680 614//329
f 553//280 619//677 630//681
f 610//671 609//678 620//682
f 610//671 620//682 621//683
f 617//673 616//679 627//684
f 617//673 627//684 628//685
f 614//329 613//680 624//686
f 614//329 624//686 625//342
f 611//672 610//671 621//683
f 611//672 621//683 622//687
f 618//674 617//673 628//685
f 618//674 628//685 629//688
f 615//675 614//329 625//342
f 615//675 625//342 626//689
f 612//676 611//672 622//687
f 612//676 622//687 623//690
f 619//677 618//674 629//688
f 619//677 629//688 630//681
f 609//678 547//274 620//682
f 616//679 615//675 626//689
f 616//679 626//689 627//684
f 613//680 612//676 623//690
f 613//680 623//690 624//686
f 623//690 622//687 633//691
f 623//690 633//691 634//692
f 630//681 629//688 640//693
f 630//681 640//693 641//694
f 620//682 547//274 631//695
f 627//684 626//689 637//696
f 627//684 637//696 638//697
f 624//686 623//690 634//692
f 624//686 634//692 635//698
f 553//280 630//681 641//694
f 621//683 620//682 631//695
f 621//683 631//695 632//699
f 628//685 627//684 638//697
f 628//685 638//697 639//700
f 625//342 624//686 635//698
f 625//342 635//698 636//357
f 622//687 621//683 632//699
f 622//687 632//699 633//691
f 629//688 628//685 639//700
f 629//688 639//700 640//693
f 626//689 625//342 636//357
f 626//689 636//357 637//696
f 633//691 632//699 643//701
f 633//691 643//701 644//702
f 640//693 639//700 650//703
f 640//693 650//703 651//704
f 637//696 636//357 647//362
f 637//696 647//362 648//705
f 634//692 633//691 644//702
f 634//692 644//702 645//706
f 641//694 640//693 651//704
f 641//694 651//704 652//707
f 631//695 547//274 642//708
f 638//697 637//696 648//705
f 638//697 648//705 649//709
f 635//698 634//692 645//706
f 635//698 645//706 646//710
f 553//280 641//694 652//707
f 632//699 631//695 642//708
f 632//699 642//708 643//701
f 639//700 638//697 649//709
f 639//700 649//709 650//703
f 636//357 635//698 646//710
f 636//357 646//710 647//362
f 646//710 645//706 656//711
f 646//710 656//711 657//712
f 553//280 652//707 663//713
f 643//701 642//708 653//714
f 643//701 653//714 654//715
f 650//703 649//709 660//716
f 650//703 660//716 661//717
f 647//362 646//710 657//712
f 647//362 657//712 658//376
f 644//702 643//701 654//715
f 644//702 654//715 655//718
f 651//704 650//703 661//717
f 651//704 661//717 662//719
f 648//705 647//362 658//376
f 648//705 658//376 659//720
f 645//706 644//702 655//718
f 645//706 655//718 656//711
f 652//707 651//704 662//719
f 652//707 662//719 663//713
f 642//708 547//274 653//714
f 649//709 648//705 659//720
f 649//709 659//720 660//716
f 656//711 655//718 666//721
f 656//711 666//721 667//722
f 663//713 662//719 673//723
f 663//713 673//723 674//724
f 653//714 547//274 664//725
f 660//716 659//720 670//726
f 660//716 670//726 671//727
f 657//712 656//711 667//722
f 657//712 667//722 668//728
f 553//280 663//713 674//724
f 654//715 653//714 664//725
f 654//715 664//725 665//729
f 661//717 660//716 671//727
f 661//717 671//727 672//730
f 658//376 657//712 668//728
f 658//376 668//728 669//390
f 655//718 654//715 665//729
f 655//718 665//729 666//721
f 662//719 661//717 672//730
f 662//719 672//730 673//723
f 659//720 658//376 669//390
f 659//720 669//390 670//726
f 669//390 668//728 679//731
f 669//390 679//731 680//392
f 666//721 665//729 676//732
f 666//721 676//732 677//733
f 673//723 672//730 683//734
f 673//723 683//734 684//735
f 670//726 669//390 680//392
f 670//726 680//392 681//736
f 667//722 666//721 677//733
f 667//722 677//733 678//737
f 674//724 673//723 684//735
f 674//724 684//735 685//738
f 664//725 547//274 675//739
f 671//727 670//726 681//736
f 671//727 681//736 682//740
f 668//728 667//722 678//737
f 668//728 678//737 679//731
f 553//280 674//724 685//738
f 665//729 664//725 675//739
f 665//729 675//739 676//732
f 672//730 671//727 682//740
f 672//730 682//740 683//734
f 679//731 678//737 689//741
f 679//731 689//741 690//742
f 553//280 685//738 696//743
f 676//732 675//739 686//744
f 676//732 686//744 687//745
f 683//734 682//740 693//746
f 683//734 693//746 694//747
f 680//392 679//731 690//742
f 680//392 690//742 691//409
f 677//733 676//732 687//745
f 677//733 687//745 688//748
f 684//735 683//734 694//747
f 684//735 694//747 695//749
f 681//736 680//392 691//409
f 681//736 691//409 692//750
f 678//737 677//733 688//748
f 678//737 688//748 689//741
f 685//738 684//735 695//749
f 685//738 695//749 696//743
f 675//739 547//274 686//744
f 682//740 681//736 692//750
f 682//740 692//750 693//746
f 692//750 691//409 702//413
f 692//750 702//413 703//751
f 689//741 688//748 699//752
f 689//741 699//752 700//753
f 696//743 695//749 706//754
f 696//743 706//754 707//755
f 686//744 547//274 697//756
f 693//746 692//750 703//751
f 693//746 703//751 704//757
f 690//742 689//741 700//753
f 690//742 700//753 701//758
f 553//280 696//743 707//755
f 687//745 686//744 697//756
f 687//745 697//756 698//759
f 694//747 693//746 704//757
f 694//747 704//757 705//760
f 691//409 690//742 701//758
f 691//409 701//758 702//413
f 688//748 687//745 698//759
f 688//748 698//759 699//752
f 695//749 694//747 705//760
f 695//749 705//760 706//754
f 702//413 701//758 712//761
f 702//413 712//761 713//425
f 699//752 698//759 709//762
f 699//752 709//762 710//763
f 706//754 705//760 716//764
f 706//754 716//764 717//765
f 703//751 702//413 713//425
f 703//751 713//425 714//766
f 700//753 699//752 710//763
f 700//753 710//763 711//767
f 707//755 706//754 717//765
f 707//755 717//765 718//768
f 697//756 547//274 708//769
f 704//757 703//751 714//766
f 704//757 714//766 715//770
f 701//758 700//753 711//767
f 701//758 711//767 712//761
f 553//280 707//755 718//768
f 698//759 697//756 708//769
f 698//759 708//769 709//762
f 705//760 704//757 715//770
f 705//760 715//770 716//764
f 715//770 714//766 725//771
f 715//770 725//771 726//772
f 712//761 711//767 722//773
f 712//761 722//773 723//774
f 553//280 718//768 729//775
f 709//762 708//769 719//776
f 709//762 719//776 720//777
f 716//764 715//770 726//772
f 716//764 726//772 727//778
f 713//425 712//761 723//774
f 713//425 723//774 724//443
f 710//763 709//762 720//777
f 710//763 720//777 721//779
f 717//765 716//764 727//778
f 717//765 727//778 728//780
f 714//766 713//425 724//443
f 714//766 724//443 725//771
f 711//767 710//763 721//779
f 711//767 721//779 722//773
f 718//768 717//765 728//780
f 718//768 728//780 729//775
f 708//769 547//274 719//776
f 725//771 724//443 735//446
f 725//771 735//446 736//781
f 722//773 721//779 732//782
f 722//773 732//782 733//783
f 729//775 728//780 739//784
f 729//775 739//784 740//785
f 719//776 547//274 730//786
f 726//772 725//771 736//781
f 726//772 736//781 737//787
f 723//774 722//773 733//783
f 723//774 733//783 734//788
f 553//280 729//775 740//785
f 720//777 719//776 730//786
f 720//777 730//786 731//789
f 727//778 726//772 737//787
f 727//778 737//787 738//790
f 724//443 723//774 734//788
f 724//443 734//788 735//446
f 721//779 720//777 731//789
f 721//779 731//789 732//782
f 728//780 727//778 738//790
f 728//780 738//790 739//784
f 738//790 737//787 748//791
f 738//790 748//791 749//792
f 735//446 734//788 745//793
f 735//446 745//793 746//460
f 732//782 731//789 742//794
f 732//782 742//794 743//795
f 739//784 738//790 749//792
f 739//784 749//792 750//796
f 736//781 735//446 746//460
f 736//781 746//460 747//797
f 733//783 732//782 743//795
f 733//783 743//795 744//798
f 740//785 739//784 750//796
f 740//785 750//796 751//799
f 730//786 547//274 741//800
f 737//787 736//781 747//797
f 737//787 747//797 748//791
f 734//788 733//783 744//798
f 734//788 744//798 745//793
f 553//280 740//785 751//799
f 731//789 730//786 741//800
f 731//789 741//800 742//794
f 741//800 547//274 752//801
f 748//791 747//797 758//802
f 748//791 758//802 759//803
f 745//793 744//798 755//804
f 745//793 755//804 756//805
f 553//280 751//799 762//806
f 742//794 741//800 752//801
f 742//794 752//801 753//807
f 749//792 748//791 759//803
f 749//792 759//803 760//808
f 746//460 745//793 756//805
f 746//460 756//805 757//476
f 743//795 742//794 753//807
f 743//795 753//807 754//809
f 750//796 749//792 760//808
f 750//796 760//808 761//810
f 747//797 746//460 757//476
f 747//797 757//476 758//802
f 744//798 743//795 754//809
f 744//798 754//809 755//804
f 751//799 750//796 761//810
f 751//799 761//810 762//806
f 761//810 760//808 771//811
f 761//810 771//811 772//812
f 758//802 757//476 768//481
f 758//802 768//481 769//813
f 755//804 754//809 765//814
f 755//804 765//814 766//815
f 762//806 761//810 772//812
f 762//806 772//812 773//816
f 752//801 547//274 763//817
f 759//803 758//802 769//813
f 759//803 769//813 770//818
f 756//805 755//804 766//815
f 756//805 766//815 767//819
f 553//280 762//806 773//816
f 753//807 752//801 763//817
f 753//807 763//817 764//820
f 760//808 759//803 770//818
f 760//808 770//818 771//811
f 757//476 756//805 767//819
f 757//476 767//819 768//481
f 754//809 753//807 764//820
f 754//809 764//820 765//814
f 764//820 763//817 774//821
f 764//820 774//821 775//822
f 771//811 770//818 781//823
f 771//811 781//823 782//824
f 768//481 767//819 778//825
f 768//481 778//825 779//495
f 765//814 764//820 775//822
f 765//814 775//822 776//826
f 772//812 771//811 782//824
f 772//812 782//824 783//827
f 769//813 768//481 779//495
f 769//813 779//495 780//828
f 766//815 765//814 776//826
f 766//815 776//826 777//829
f 773//816 772//812 783//827
f 773//816 783//827 784//830
f 763//817 547//274 774//821
f 770//818 769//813 780//828
f 770//818 780//828 781//823
f 767//819 766//815 777//829
f 767//819 777//829 778//825
f 553//280 773//816 784//830
f 784//830 783//827 794//831
f 784//830 794//831 795//832
f 774//821 547//274 785//833
f 781//823 780//828 791//834
f 781//823 791//834 792//835
f 778//825 777//829 788//836
f 778//825 788//836 789//837
f 553//280 784//830 795//832
f 775//822 774//821 785//833
f 775//822 785//833 786//838
f 782//824 781//823 792//835
f 782//824 792//835 793//839
f 779//495 778//825 789//837
f 779//495 789//837 790//510
f 776//826 775//822 786//838
f 776//826 786//838 787//840
f 783//827 782//824 793//839
f 783//827 793//839 794//831
f 780//828 779//495 790//510
f 780//828 790//510 791//834
f 777//829 776//826 787//840
f 777//829 787//840 788//836
f 787//840 786//838 797//841
f 787//840 797//841 798//842
f 794//831 793//839 804//843
f 794//831 804//843 805//844
f 791//834 790//510 801//516
f 791//834 801//516 802//845
f 788//836 787//840 798//842
f 788//836 798//842 799//846
f 795//832 794//831 805//844
f 795//832 805//844 806//847
f 785//833 547//274 796//848
f 792//835 791//834 802//845
f 792//835 802//845 803//849
f 789//837 788//836 799//846
f 789//837 799//846 800//850
f 553//280 795//832 806//847
f 786//838 785//833 796//848
f 786//838 796//848 797//841
f 793//839 792//835 803//849
f 793//839 803//849 804//843
f 790//510 789//837 800//850
f 790//510 800//850 801//516
f 553//280 806//847 817//851
f 797//841 796//848 807//852
f 797//841 807//852 808//853
f 804//843 803//849 814//854
f 804//843 814//854 815//855
f 801//516 800//850 811//856
f 801//516 811//856 812//529
f 798//842 797//841 808//853
f 798//842 808//853 809//857
f 805//844 804//843 815//855
f 805//844 815//855 816//858
f 802//845 801//516 812//529
f 802//845 812//529 813//859
f 799//846 798//842 809//857
f 799//846 809//857 810//860
f 806//847 805//844 816//858
f 806//847 816//858 817//851
f 796//848 547//274 807//852
f 803//849 802//845 813//859
f 803//849 813//859 814//854
f 800//850 799//846 810//860
f 800//850 810//860 811//856
f 810//860 809//857 820//861
f 810//860 820//861 821//862
f 817//851 816//858 827//863
f 817//851 827//863 828//864
f 807//852 547//274 818//865
f 814//854 813//859 824//866
f 814//854 824//866 825//867
f 811//856 810//860 821//862
f 811//856 821//862 822//868
f 553//280 817//851 828//864
f 808//853 807//852 818//865
f 808//853 818//865 819//869
f 815//855 814//854 825//867
f 815//855 825//867 826//870
f 812//529 811//856 822//868
f 812//529 822//868 823//544
f 809//857 808//853 819//869
f 809//857 819//869 820//861
f 816//858 815//855 826//870
f 816//858 826//870 827//863
f 813//859 812//529 823//544
f 813//859 823//544 824//866
f 820//861 819//869 830//871
f 820//861 830//871 831//872
f 827//863 826//870 837//873
f 827//863 837//873 838//874
f 824//866 823//544 834//549
f 824//866 834//549 835//875
f 821//862 820//861 831//872
f 821//862 831//872 832//876
f 828//864 827//863 838//874
f 828//864 838//874 839//877
f 818//865 547//274 829//878
f 825//867 824//866 835//875
f 825//867 835//875 836//879
f 822//868 821//862 832//876
f 822//868 832//876 833//880
f 553//280 828//864 839//877
f 819//869 818//865 829//878
f 819//869 829//878 830//871
f 826//870 825//867 836//879
f 826//870 836//879 837//873
f 823//544 822//868 833//880
f 823//544 833//880 834//549
f 833//880 832//876 843//881
f 833//880 843//881 844//882
f 553//280 839//877 850//883
f 830//871 829//878 840//884
f 830//871 840//884 841//885
f 837//873 836//879 847//886
f 837//873 847//886 848//887
f 834//549 833//880 844//882
f 834//549 844//882 845//563
f 831//872 830//871 841//885
f 831//872 841//885 842//888
f 838//874 837//873 848//887
f 838//874 848//887 849//889
f 835//875 834//549 845//563
f 835//875 845//563 846//890
f 832//876 831//872 842//888
f 832//876 842//888 843//881
f 839//877 838//874 849//889
f 839//877 849//889 850//883
f 829//878 547//274 840//884
f 836//879 835//875 846//890
f 836//879 846//890 847//886
f 843//881 842//888 853//891
f 843//881 853//891 854//892
f 850//883 849//889 860//893
f 850//883 860//893 861//894
f 840//884 547//274 851//895
f 847//886 846//890 857//896
f 847//886 857//896 858//897
f 844//882 843//881 854//892
f 844//882 854//892 855//898
f 553//280 850//883 861//894
f 841//885 840//884 851//895
f 841//885 851//895 852//899
f 848//887 847//886 858//897
f 848//887 858//897 859//900
f 845//563 844//882 855//898
f 845//563 855//898 856//577
f 842//888 841//885 852//899
f 842//888 852//899 853//891
f 849//889 848//887 859//900
f 849//889 859//900 860//893
f 846//890 845//563 856//577
f 846//890 856//577 857//896
f 856//577 855//898 866//901
f 856//577 866//901 867//579
f 853//891 852//899 863//902
f 853//891 863//902 864//903
f 860//893 859//900 870//904
f 860//893 870//904 871//905
f 857//896 856//577 867//579
f 857//896 867//579 868//906
f 854//892 853//891 864//903
f 854//892 864//903 865//907
f 861//894 860//893 871//905
f 861//894 871//905 872//908
f 851//895 547//274 862//909
f 858//897 857//896 868//906
f 858//897 868//906 869//910
f 855//898 854//892 865//907
f 855//898 865//907 866//901
f 553//280 861//894 872//908
f 852//899 851//895 862//909
f 852//899 862//909 863//902
f 859//900 858//897 869//910
f 859//900 869//910 870//904
f 866//901 865//907 876//911
f 866//901 876//911 877//912
f 553//280 872//908 883//913
f 863//902 862//909 873//914
f 863//902 873//914 874//915
f 870//904 869//910 880//916
f 870//904 880//916 881//917
f 867//579 866//901 877//912
f 867//579 877//912 878//596
f 864//903 863//902 874//915
f 864//903 874//915 875//918
f 871//905 870//904 881//917
f 871//905 881//917 882//919
f 868//906 867//579 878//596
f 868//906 878//596 879//920
f 865//907 864//903 875//918
f 865//907 875//918 876//911
f 872//908 871//905 882//919
f 872//908 882//919 883//913
f 862//909 547//274 873//914
f 869//910 868//906 879//920
f 869//910 879//920 880//916
f 879//920 878//596 889//921
f 879//920 889//921 890//922
f 876//911 875//918 886//923
f 876//911 886//923 887//924
f 883//913 882//919 893//925
f 883//913 893//925 894//926
f 873//914 547//274 884//927
f 880//916 879//920 890//922
f 880//916 890//922 891//928
f 877//912 876//911 887//924
f 877//912 887//924 888//929
f 553//280 883//913 894//926
f 874//915 873//914 884//927
f 874//915 884//927 885//930
f 881//917 880//916 891//928
f 881//917 891//928 892//931
f 878//596 877//912 888//929
f 878//596 888//929 889//921
f 875//918 874//915 885//930
f 875//918 885//930 886//923
f 882//919 881//917 892//931
f 882//919 892//931 893//925
f 889//921 888//929 897//629
f 889//921 897//629 898//266
f 886//923 885//930 896//612
f 886//923 896//612 548//611
f 893//925 892//931 552//616
f 893//925 552//616 899//615
f 890//922 889//921 898//266
f 890//922 898//266 550//619
f 887//924 886//923 548//611
f 887//924 548//611 549//621
f 894//926 893//925 899//615
f 894//926 899//615 900//623
f 884//927 547//274 895//625
f 891//928 890//922 550//619
f 891//928 550//619 551//627
f 888//929 887//924 549//621
f 888//929 549//621 897//629
f 553//280 894//926 900//623
f 885//930 884//927 895//625
f 885//930 895//625 896//612
f 892//931 891//928 551//627
f 892//931 551//627 552//616
f 901//932 904//933 905//934
f 901//932 905//934 907//935
f 902//936 906//937 905//938
f 902//936 905//938 904//939
f 903//940 907//941 905//938
f 903//940 905//938 906//937
f 908//942 911//943 912//944
f 908//942 912//944 914//945
f 909//946 913//947 912//948
f 909//946 912//948 911//949
f 910//950 914//951 912//948
f 910//950 912//948 913//947
f 915//952 918//953 919//954
f 915//952 919//954 921//955
f 916//956 920//957 919//958
f 916//956 919//958 918//959
f 917//960 921//961 919//958
f 917//960 919//958 920//957
f 922//962 925//963 926//964
f 922//962 926//964 928//965
f 923//966 927//967 926//968
f 923//966 926//968 925//969
f 924//970 928//971 926//968
f 924//970 926//968 927//967
f 929//972 932//973 933//974
f 929//972 933//974 935//975
f 930//976 934//977 933//978
f 930//976 933//978 932//979
f 931//980 935//981 933//978
f 931//980 933//978 934//977
f 936//982 939//983 940//984
f 936//982 940//984 942//985
f 937//986 941//987 940//988
f 937//986 940//988 939//989
f 938//990 942//991 940//988
f 938//990 940//988 941//987
f 943//992 946//993 947//994
f 943//992 947//994 949//995
f 944//996 948//997 947//998
f 944//996 947//998 946//999
f 945//1000 949//1001 947//998
f 945//1000 947//998 948//997
f 950//1002 953//1003 954//1004
f 950//1002 954//1004 956//1005
f 951//1006 955//1007 954//1008
f 951//1006 954//1008 953//1009
f 952//1010 956//1011 954//1008
f 952//1010 954//1008 955//1007
f 957//1012 960//1013 961//1014
f 957//1012 961//1014 963//1015
f 958//1016 962//1017 961//1018
f 958//1016 961//1018 960//1019
f 959//1020 963//1021 961//1018
f 959//1020 961//1018 962//1017
f 964//1022 967//1023 968//1024
f 964//1022 968//1024 970//1025
f 965//1026 969//1027 968//1028
f 965//1026 968//1028 967//1029
f 966//1030 970//1031 968//1028
f 966//1030 968//1028 969//1027
f 971//1032 974//1033 975//1034
f 971//1032 975//1034 977//1035
f 972//1036 976//1037 975//1038
f 972//1036 975//1038 974//1039
f 973//1040 977//1041 975//1038
f 973//1040 975//1038 976//1037
f 978//1042 981//1043 982//1044
f 978//1042 982//1044 984//1045
f 979//1046 983//1047 982//1048
f 979//1046 982//1048 981//1049
f 980//1050 984//1051 982//1048
f 980//1050 982//1048 983//1047
f 985//1052 988//1053 989//1054
f 985//1052 989//1054 991//1055
f 986//1056 990//1057 989//1058
f 986//1056 989//1058 988//1059
f 987//1060 991//1061 989//1058
f 987//1060 989//1058 990//1057
f 992//1062 995//1063 996//1064
f 992//1062 996//1064 998//1065
f 993//1066 997//1067 996//1068
f 993//1066 996//1068 995//1069
f 994//1070 998//1071 996//1068
f 994//1070 996//1068 997//1067
f 999//1072 1002//1073 1003//1074
f 999//1072 1003//1074 1005//1075
f 1000//1076 1004//1077 1003//1078
f 1000//1076 1003//1078 1002//1079
f 1001//1080 1005//1081 1003//1078
f 1001//1080 1003//1078 1004//1077
f 1006//1082 1009//1083 1010//1084
f 1006//1082 1010//1084 1012//1085
f 1007//1086 1011//1087 1010//1088
f 1007//1086 1010//1088 1009//1089
f 1008//1090 1012//1091 1010//1088
f 1008//1090 1010//1088 1011//1087
f 903//940 916//956 918//959
f 903//940 918//959 907//941
f 907//935 918//953 915//952
f 907//935 915//952 901//932
f 924//970 909//946 911//949
f 924//970 911//949 928//971
f 928//965 911//943 908//942
f 928//965 908//942 922//962
f 902//936 910//950 913//947
f 902//936 913//947 906//937
f 906//937 913//947 909//946
f 906//937 909//946 903//940
f 923//966 917//960 920//957
f 923//966 920//957 927//967
f 927//967 920//957 916//956
f 927//967 916//956 924//970
f 917//960 930//976 932//979
f 917//960 932//979 921//961
f 921//955 932//973 929//972
f 921//955 929//972 915//952
f 938//990 923//966 925//969
f 938//990 925//969 942//991
f 942//985 925//963 922//962
f 942//985 922//962 936//982
f 937//986 931//980 934//977
f 937//986 934//977 941//987
f 941//987 934//977 930//976
f 941//987 930//976 938//990
f 931//980 944//996 946//999
f 931//980 946//999 935//981
f 935//975 946//993 943//992
f 935//975 943//992 929//972
f 952//1010 937//986 939//989
f 952//1010 939//989 956//1011
f 956//1005 939//983 936//982
f 956//1005 936//982 950//1002
f 951//1006 945//1000 948//997
f 951//1006 948//997 955//1007
f 955//1007 948//997 944//996
f 955//1007 944//996 952//1010
f 945//1000 958//1016 960//1019
f 945//1000 960//1019 949//1001
f 949//995 960//1013 957//1012
f 949//995 957//1012 943//992
f 966//1030 951//1006 953//1009
f 966//1030 953//1009 970//1031
f 970//1025 953//1003 950//1002
f 970//1025 950//1002 964//1022
f 965//1026 959//1020 962//1017
f 965//1026 962//1017 969//1027
f 969//1027 962//1017 958//1016
f 969//1027 958//1016 966//1030
f 959//1020 972//1036 974//1039
f 959//1020 974//1039 963//1021
f 963//1015 974//1033 971//1032
f 963//1015 971//1032 957//1012
f 980//1050 965//1026 967//1029
f 980//1050 967//1029 984//1051
f 984//1045 967//1023 964//1022
f 984//1045 964//1022 978//1042
f 979//1046 973//1040 976//1037
f 979//1046 976//1037 983//1047
f 983//1047 976//1037 972//1036
f 983//1047 972//1036 980//1050
f 973//1040 986//1056 988//1059
f 973//1040 988//1059 977//1041
f 977//1035 988//1053 985//1052
f 977//1035 985//1052 971//1032
f 994//1070 979//1046 981//1049
f 994//1070 981//1049 998//1071
f 998//1065 981//1043 978//1042
f 998//1065 978//1042 992//1062
f 993//1066 987//1060 990//1057
f 993//1066 990//1057 997//1067
f 997//1067 990//1057 986//1056
f 997//1067 986//1056 994//1070
f 987//1060 1000//1076 1002//1079
f 987//1060 1002//1079 991//1061
f 991//1055 1002//1073 999//1072
f 991//1055 999//1072 985//1052
f 1008//1090 993//1066 995//1069
f 1008//1090 995//1069 1012//1091
f 1012//1085 995//1063 992//1062
f 1012//1085 992//1062 1006//1082
f 1007//1086 1001//1080 1004//1077
f 1007//1086 1004//1077 1011//1087
f 1011//1087 1004//1077 1000//1076
f 1011//1087 1000//1076 1008//1090
f 1001//1080 902//936 904//939
f 1001//1080 904//939 1005//1081
f 1005//1075 904//933 901//932
f 1005//1075 901//932 999//1072
f 910//950 1007//1086 1009//1089
f 910//950 1009//1089 914//951
f 914//945 1009//1083 1006//1082
f 914//945 1006//1082 908//942
f 999//1072 901//932 915//952
f 915//952 929//972 943//992
f 943//992 957//1012 971//1032
f 971//1032 985//1052 999//1072
f 999//1072 915//952 943//992
f 943//992 971//1032 999//1072
f 903//940 909//946 924//970
f 903//940 924//970 916//956
f 1001//1080 1007//1086 910//950
f 1001//1080 910//950 902//936
f 936//982 922//962 908//942
f 908//942 1006//1082 992//1062
f 992//1062 978//1042 964//1022
f 964//1022 950//1002 936//982
f 936//982 908//942 992//1062
f 992//1062 964//1022 936//982
f 917//960 923//966 938//990
f 917//960 938//990 930//976
f 931//980 937//986 952//1010
f 931//980 952//1010 944//996
f 945//1000 951//1006 966//1030
f 945//1000 966//1030 958//1016
f 959//1020 965//1026 980//1050
f 959//1020 980//1050 972//1036
f 973//1040 979//1046 994//1070
f 973//1040 994//1070 986//1056
f 987//1060 993//1066 1008//1090
f 987//1060 1008//1090 1000//1076
f 1013//1092 1016//1093 1017//1094
f 1013//1092 1017//1094 1019//1095
f 1014//1096 1018//1097 1017//1098
f 1014//1096 1017//1099 1016//1100
f 1015//1101 1019//1102 1017//1103
f 1015//1101 1017//1098 1018//1104
f 1020//1105 1023//1106 1024//1107
f 1020//1105 1024//1107 1026//1108
f 1021//1109 1025//1110 1024//1111
f 1021//1109 1024//1111 1023//1112
f 1022//1113 1026//1114 1024//1111
f 1022//1113 1024//1111 1025//1110
f 1027//1115 1030//1116 1031//1117
f 1027//1115 1031//1117 1033//1118
f 1028//1119 1032//1120 1031//1121
f 1028//1119 1031//1122 1030//1123
f 1029//1124 1033//1125 1031//1126
f 1029//1124 1031//1121 1032//1127
f 1034//1128 1037//1129 1038//1130
f 1034//1128 1038//1130 1040//1131
f 1035//1132 1039//1133 1038//1134
f 1035//1132 1038//1134 1037//1135
f 1036//1136 1040//1137 1038//1134
f 1036//1136 1038//1134 1039//1133
f 1041//1138 1044//1139 1045//1140
f 1041//1138 1045//1140 1047//1141
f 1042//1142 1046//1143 1045//1144
f 1042//1142 1045//1145 1044//1146
f 1043//1147 1047//1148 1045//1149
f 1043//1147 1045//1144 1046//1150
f 1048//1151 1051//1152 1052//1153
f 1048//1151 1052//1153 1054//1154
f 1049//1155 1053//1156 1052//1157
f 1049//1155 1052//1157 1051//1158
f 1050//1159 1054//1160 1052//1157
f 1050//1159 1052//1157 1053//1156
f 1055//1161 1058//1162 1059//1163
f 1055//1161 1059//1163 1061//1164
f 1056//1165 1060//1166 1059//1167
f 1056//1165 1059//1168 1058//1169
f 1057//1170 1061//1171 1059//1172
f 1057//1170 1059//1167 1060//1173
f 1062//1174 1065//1175 1066//1176
f 1062//1174 1066//1176 1068//1177
f 1063//1178 1067//1179 1066//1180
f 1063//1178 1066//1180 1065//1181
f 1064//1182 1068//1183 1066//1180
f 1064//1182 1066//1180 1067//1179
f 1069//1184 1072//1185 1073//1186
f 1069//1184 1073//1186 1075//1187
f 1070//1188 1074//1189 1073//1190
f 1070//1188 1073//1191 1072//1192
f 1071//1193 1075//1194 1073//1195
f 1071//1193 1073//1190 1074//1196
f 1076//1197 1079//1198 1080//1199
f 1076//1197 1080//1199 1082//1200
f 1077//1201 1081//1202 1080//1203
f 1077//1201 1080//1203 1079//1204
f 1078//1205 1082//1206 1080//1203
f 1078//1205 1080//1203 1081//1202
f 1083//1207 1086//1208 1087//1209
f 1083//1207 1087//1209 1089//1210
f 1084//1211 1088//1212 1087//1213
f 1084//1211 1087//1214 1086//1215
f 1085//1216 1089//1217 1087//1218
f 1085//1216 1087//1213 1088//1219
f 1090//1220 1093//1221 1094//1222
f 1090//1220 1094//1222 1096//1223
f 1091//1224 1095//1225 1094//1226
f 1091//1224 1094//1226 1093//1227
f 1092//1228 1096//1229 1094//1226
f 1092//1228 1094//1226 1095//1225
f 1015//1101 1028//1119 1030//1123
f 1015//1101 1030//1123 1019//1102
f 1019//1095 1030//1116 1027//1115
f 1019//1095 1027//1115 1013//1092
f 1036//1136 1021//1109 1023//1112
f 1036//1136 1023//1112 1040//1137
f 1040//1131 1023//1106 1020//1105
f 1040//1131 1020//1105 1034//1128
f 1014//1096 1022//1113 1025//1110
f 1014//1096 1025//1110 1018//1230
f 1018//1231 1025//1110 1021//1109
f 1018//1231 1021//1109 1015//1101
f 1035//1132 1029//1124 1032//1232
f 1035//1132 1032//1232 1039//1133
f 1039//1133 1032//1233 1028//1119
f 1039//1133 1028//1119 1036//1136
f 1029//1124 1042//1142 1044//1146
f 1029//1124 1044//1146 1033//1125
f 1033//1118 1044//1139 1041//1138
f 1033//1118 1041//1138 1027//1115
f 1050//1159 1035//1132 1037//1135
f 1050//1159 1037//1135 1054//1160
f 1054//1154 1037//1129 1034//1128
f 1054//1154 1034//1128 1048//1151
f 1049//1155 1043//1147 1046//1234
f 1049//1155 1046//1234 1053//1156
f 1053//1156 1046//1235 1042//1142
f 1053//1156 1042//1142 1050//1159
f 1043//1147 1056//1165 1058//1169
f 1043//1147 1058//1169 1047//1148
f 1047//1141 1058//1162 1055//1161
f 1047//1141 1055//1161 1041//1138
f 1064//1182 1049//1155 1051//1158
f 1064//1182 1051//1158 1068//1183
f 1068//1177 1051//1152 1048//1151
f 1068//1177 1048//1151 1062//1174
f 1063//1178 1057//1170 1060//1236
f 1063//1178 1060//1236 1067//1179
f 1067//1179 1060//1237 1056//1165
f 1067//1179 1056//1165 1064//1182
f 1057//1170 1070//1188 1072//1192
f 1057//1170 1072//1192 1061//1171
f 1061//1164 1072//1185 1069//1184
f 1061//1164 1069//1184 1055//1161
f 1078//1205 1063//1178 1065//1181
f 1078//1205 1065//1181 1082//1206
f 1082//1200 1065//1175 1062//1174
f 1082//1200 1062//1174 1076//1197
f 1077//1201 1071//1193 1074//1238
f 1077//1201 1074//1238 1081//1202
f 1081//1202 1074//1239 1070//1188
f 1081//1202 1070//1188 1078//1205
f 1071//1193 1084//1211 1086//1215
f 1071//1193 1086//1215 1075//1194
f 1075//1187 1086//1208 1083//1207
f 1075//1187 1083//1207 1069//1184
f 1092//1228 1077//1201 1079//1204
f 1092//1228 1079//1204 1096//1229
f 1096//1223 1079//1198 1076//1197
f 1096//1223 1076//1197 1090//1220
f 1091//1224 1085//1216 1088//1240
f 1091//1224 1088//1240 1095//1225
f 1095//1225 1088//1241 1084//1211
f 1095//1225 1084//1211 1092//1228
f 1085//1216 1014//1096 1016//1100
f 1085//1216 1016//1100 1089//1217
f 1089//1210 1016//1093 1013//1092
f 1089//1210 1013//1092 1083//1207
f 1022//1113 1091//1224 1093//1227
f 1022//1113 1093//1227 1026//1114
f 1026//1108 1093//1221 1090//1220
f 1026//1108 1090//1220 1020//1105
f 1083//1207 1013//1092 1027//1115
f 1027//1115 1041//1138 1055//1161
f 1055//1161 1069//1184 1083//1207
f 1027//1115 1055//1161 1083//1207
f 1015//1101 1021//1109 1036//1136
f 1015//1101 1036//1136 1028//1119
f 1085//1216 1091//1224 1022//1113
f 1085//1216 1022//1113 1014//1096
f 1048//1151 1034//1128 1020//1105
f 1020//1105 1090//1220 1076//1197
f 1076//1197 1062//1174 1048//1151
f 1020//1105 1076//1197 1048//1151
f 1029//1124 1035//1132 1050//1159
f 1029//1124 1050//1159 1042//1142
f 1043//1147 1049//1155 1064//1182
f 1043//1147 1064//1182 1056//1165
f 1057//1170 1063//1178 1078//1205
f 1057//1170 1078//1205 1070//1188
f 1071//1193 1077//1201 1092//1228
f 1071//1193 1092//1228 1084//1211
f 1098//1242 1104//1243 1105//1244
f 1098//1242 1105//1244 1099//1245
f 1099//1246 1105//1247 1103//1248
f 1099//1246 1103//1248 1097//1249
f 1107//1250 1101//1251 1102//1252
f 1107//1250 1102//1252 1108//1253
f 1108//1254 1102//1255 1100//1256
f 1108//1254 1100//1256 1106//1257
f 1104//1243 1110//1258 1111//1259
f 1104//1243 1111//1259 1105//1244
f 1105//1247 1111//1260 1109//1261
f 1105//1247 1109//1261 1103//1248
f 1113//1262 1107//1250 1108//1253
f 1113//1262 1108//1253 1114//1263
f 1114//1264 1108//1254 1106//1257
f 1114//1264 1106//1257 1112//1265
f 1110//1258 1116//1266 1117//1267
f 1110//1258 1117//1267 1111//1259
f 1111//1260 1117//1268 1115//1269
f 1111//1260 1115//1269 1109//1261
f 1119//1270 1113//1262 1114//1263
f 1119//1270 1114//1263 1120//1271
f 1120//1272 1114//1264 1112//1265
f 1120//1272 1112//1265 1118//1273
f 1116//1266 1122//1274 1123//1275
f 1116//1266 1123//1275 1117//1267
f 1117//1268 1123//1276 1121//1277
f 1117//1268 1121//1277 1115//1269
f 1125//1278 1119//1270 1120//1271
f 1125//1278 1120//1271 1126//1279
f 1126//1280 1120//1272 1118//1273
f 1126//1280 1118//1273 1124//1281
f 1122//1274 1128//1282 1129//1283
f 1122//1274 1129//1283 1123//1275
f 1123//1276 1129//1284 1127//1285
f 1123//1276 1127//1285 1121//1277
f 1131//1286 1125//1278 1126//1279
f 1131//1286 1126//1279 1132//1287
f 1132//1288 1126//1280 1124//1281
f 1132//1288 1124//1281 1130//1289
f 1128//1282 1134//1290 1135//1291
f 1128//1282 1135//1291 1129//1283
f 1129//1284 1135//1292 1133//1293
f 1129//1284 1133//1293 1127//1285
f 1137//1294 1131//1286 1132//1287
f 1137//1294 1132//1287 1138//1295
f 1138//1296 1132//1288 1130//1289
f 1138//1296 1130//1289 1136//1297
f 1134//1290 1140//1298 1141//1299
f 1134//1290 1141//1299 1135//1291
f 1135//1292 1141//1300 1139//1301
f 1135//1292 1139//1301 1133//1293
f 1143//1302 1137//1294 1138//1295
f 1143//1302 1138//1295 1144//1303
f 1144//1304 1138//1296 1136//1297
f 1144//1304 1136//1297 1142//1305
f 1140//1298 1146//1306 1147//1307
f 1140//1298 1147//1307 1141//1299
f 1141//1300 1147//1308 1145//1309
f 1141//1300 1145//1309 1139//1301
f 1149//1310 1143//1302 1144//1303
f 1149//1310 1144//1303 1150//1311
f 1150//1312 1144//1304 1142//1305
f 1150//1312 1142//1305 1148//1313
f 1146//1306 1152//1314 1153//1315
f 1146//1306 1153//1315 1147//1307
f 1147//1308 1153//1316 1151//1317
f 1147//1308 1151//1317 1145//1309
f 1155//1318 1149//1310 1150//1311
f 1155//1318 1150//1311 1156//1319
f 1156//1320 1150//1312 1148//1313
f 1156//1320 1148//1313 1154//1321
f 1152//1314 1158//1322 1159//1323
f 1152//1314 1159//1323 1153//1315
f 1153//1316 1159//1324 1157//1325
f 1153//1316 1157//1325 1151//1317
f 1161//1326 1155//1318 1156//1319
f 1161//1326 1156//1319 1162//1327
f 1162//1328 1156//1320 1154//1321
f 1162//1328 1154//1321 1160//1329
f 1158//1322 1164//1330 1165//1331
f 1158//1322 1165//1331 1159//1323
f 1159//1324 1165//1332 1163//1333
f 1159//1324 1163//1333 1157//1325
f 1167//1334 1161//1326 1162//1327
f 1167//1334 1162//1327 1168//1335
f 1168//1336 1162//1328 1160//1329
f 1168//1336 1160//1329 1166//1337
f 1164//1330 1170//1338 1171//1339
f 1164//1330 1171//1339 1165//1331
f 1165//1332 1171//1340 1169//1341
f 1165//1332 1169//1341 1163//1333
f 1173//1342 1167//1334 1168//1335
f 1173//1342 1168//1335 1174//1343
f 1174//1344 1168//1336 1166//1337
f 1174//1344 1166//1337 1172//1345
f 1170//1338 1176//1346 1177//1347
f 1170//1338 1177//1347 1171//1339
f 1171//1340 1177//1348 1175//1349
f 1171//1340 1175//1349 1169//1341
f 1179//1350 1173//1342 1174//1343
f 1179//1350 1174//1343 1180//1351
f 1180//1352 1174//1344 1172//1345
f 1180//1352 1172//1345 1178//1353
f 1176//1346 1182//1354 1183//1355
f 1176//1346 1183//1355 1177//1347
f 1177//1348 1183//1356 1181//1357
f 1177//1348 1181//1357 1175//1349
f 1185//1358 1179//1350 1180//1351
f 1185//1358 1180//1351 1186//1359
f 1186//1360 1180//1352 1178//1353
f 1186//1360 1178//1353 1184//1361
f 1182//1354 1188//1362 1189//1363
f 1182//1354 1189//1363 1183//1355
f 1183//1356 1189//1364 1187//1365
f 1183//1356 1187//1365 1181//1357
f 1191//1366 1185//1358 1186//1359
f 1191//1366 1186//1359 1192//1367
f 1192//1368 1186//1360 1184//1361
f 1192//1368 1184//1361 1190//1369
f 1188//1362 1194//1370 1195//1371
f 1188//1362 1195//1371 1189//1363
f 1189//1364 1195//1372 1193//1373
f 1189//1364 1193//1373 1187//1365
f 1197//1374 1191//1366 1192//1367
f 1197//1374 1192//1367 1198//1375
f 1198//1376 1192//1368 1190//1369
f 1198//1376 1190//1369 1196//1377
f 1194//1370 1200//1378 1201//1379
f 1194//1370 1201//1379 1195//1371
f 1195//1372 1201//1380 1199//1381
f 1195//1372 1199//1381 1193//1373
f 1203//1382 1197//1374 1198//1375
f 1203//1382 1198//1375 1204//1383
f 1204//1384 1198//1376 1196//1377
f 1204//1384 1196//1377 1202//1385
f 1200//1378 1206//1386 1207//1387
f 1200//1378 1207//1387 1201//1379
f 1201//1380 1207//1388 1205//1389
f 1201//1380 1205//1389 1199//1381
f 1209//1390 1203//1382 1204//1383
f 1209//1390 1204//1383 1210//1391
f 1210//1392 1204//1384 1202//1385
f 1210//1392 1202//1385 1208//1393
f 1206//1386 1212//1394 1213//1395
f 1206//1386 1213//1395 1207//1387
f 1207//1388 1213//1396 1211//1397
f 1207//1388 1211//1397 1205//1389
f 1215//1398 1209//1390 1210//1391
f 1215//1398 1210//1391 1216//1399
f 1216//1400 1210//1392 1208//1393
f 1216//1400 1208//1393 1214//1401
f 1212//1394 1218//1402 1219//1403
f 1212//1394 1219//1403 1213//1395
f 1213//1396 1219//1404 1217//1405
f 1213//1396 1217//1405 1211//1397
f 1221//1406 1215//1398 1216//1399
f 1221//1406 1216//1399 1222//1407
f 1222//1408 1216//1400 1214//1401
f 1222//1408 1214//1401 1220//1409
f 1218//1402 1224//1410 1225//1411
f 1218//1402 1225//1411 1219//1403
f 1219//1404 1225//1412 1223//1413
f 1219//1404 1223//1413 1217//1405
f 1227//1414 1221//1406 1222//1407
f 1227//1414 1222//1407 1228//1415
f 1228//1416 1222//1408 1220//1409
f 1228//1416 1220//1409 1226//1417
f 1224//1410 1230//1418 1231//1419
f 1224//1410 1231//1419 1225//1411
f 1225//1412 1231//1420 1229//1421
f 1225//1412 1229//1421 1223//1413
f 1233//1422 1227//1414 1228//1415
f 1233//1422 1228//1415 1234//1423
f 1234//1424 1228//1416 1226//1417
f 1234//1424 1226//1417 1232//1425
f 1230//1418 1236//1426 1237//1427
f 1230//1418 1237//1427 1231//1419
f 1231//1420 1237//1428 1235//1429
f 1231//1420 1235//1429 1229//1421
f 1239//1430 1233//1422 1234//1423
f 1239//1430 1234//1423 1240//1431
f 1240//1432 1234//1424 1232//1425
f 1240//1432 1232//1425 1238//1433
f 1236//1426 1098//1242 1099//1245
f 1236//1426 1099//1245 1237//1427
f 1237//1428 1099//1246 1097//1249
f 1237//1428 1097//1249 1235//1429
f 1101//1251 1239//1430 1240//1431
f 1101//1251 1240//1431 1102//1252
f 1102//1255 1240//1432 1238//1433
f 1102//1255 1238//1433 1100//1256
f 1235//1429 1097//1249 1103//1248
f 1103//1248 1109//1261 1115//1269
f 1115//1269 1121//1277 1127//1285
f 1127//1285 1133//1293 1139//1301
f 1139//1301 1145//1309 1151//1317
f 1151//1317 1157//1325 1163//1333
f 1163//1333 1169//1341 1175//1349
f 1175//1349 1181//1357 1187//1365
f 1187//1365 1193//1373 1199//1381
f 1199//1381 1205//1389 1211//1397
f 1211//1397 1217//1405 1223//1413
f 1223//1413 1229//1421 1235//1429
f 1235//1429 1103//1248 1115//1269
f 1115//1269 1127//1285 1139//1301
f 1139//1301 1151//1317 1163//1333
f 1163//1333 1175//1349 1187//1365
f 1187//1365 1199//1381 1211//1397
f 1211//1397 1223//1413 1235//1429
f 1235//1429 1115//1269 1139//1301
f 1139//1301 1163//1333 1187//1365
f 1187//1365 1211//1397 1235//1429
f 1139//1301 1187//1365 1235//1429
f 1098//1242 1101//1251 1107//1250
f 1098//1242 1107//1250 1104//1243
f 1236//1426 1239//1430 1101//1251
f 1236//1426 1101//1251 1098//1242
f 1112//1265 1106//1257 1100//1256
f 1100//1256 1238//1433 1232//1425
f 1232//1425 1226//1417 1220//1409
f 1220//1409 1214//1401 1208//1393
f 1208//1393 1202//1385 1196//1377
f 1196//1377 1190//1369 1184//1361
f 1184//1361 1178//1353 1172//1345
f 1172//1345 1166//1337 1160//1329
f 1160//1329 1154//1321 1148//1313
f 1148//1313 1142//1305 1136//1297
f 1136//1297 1130//1289 1124//1281
f 1124//1281 1118//1273 1112//1265
f 1112//1265 1100//1256 1232//1425
f 1232//1425 1220//1409 1208//1393
f 1208//1393 1196//1377 1184//1361
f 1184//1361 1172//1345 1160//1329
f 1160//1329 1148//1313 1136//1297
f 1136//1297 1124//1281 1112//1265
f 1112//1265 1232//1425 1208//1393
f 1208//1393 1184//1361 1160//1329
f 1160//1329 1136//1297 1112//1265
f 1208//1393 1160//1329 1112//1265
f 1104//1243 1107//1250 1113//1262
f 1104//1243 1113//1262 1110//1258
f 1110//1258 1113//1262 1119//1270
f 1110//1258 1119//1270 1116//1266
f 1116//1266 1119//1270 1125//1278
f 1116//1266 1125//1278 1122//1274
f 1122//1274 1125//1278 1131//1286
f 1122//1274 1131//1286 1128//1282
f 1128//1282 1131//1286 1137//1294
f 1128//1282 1137//1294 1134//1290
f 1134//1290 1137//1294 1143//1302
f 1134//1290 1143//1302 1140//1298
f 1140//1298 1143//1302 1149//1310
f 1140//1298 1149//1310 1146//1306
f 1146//1306 1149//1310 1155//1318
f 1146//1306 1155//1318 1152//1314
f 1152//1314 1155//1318 1161//1326
f 1152//1314 1161//1326 1158//1322
f 1158//1322 1161//1326 1167//1334
f 1158//1322 1167//1334 1164//1330
f 1164//1330 1167//1334 1173//1342
f 1164//1330 1173//1342 1170//1338
f 1170//1338 1173//1342 1179//1350
f 1170//1338 1179//1350 1176//1346
f 1176//1346 1179//1350 1185//1358
f 1176//1346 1185//1358 1182//1354
f 1182//1354 1185//1358 1191//1366
f 1182//1354 1191//1366 1188//1362
f 1188//1362 1191//1366 1197//1374
f 1188//1362 1197//1374 1194//1370
f 1194//1370 1197//1374 1203//1382
f 1194//1370 1203//1382 1200//1378
f 1200//1378 1203//1382 1209//1390
f 1200//1378 1209//1390 1206//1386
f 1206//1386 1209//1390 1215//1398
f 1206//1386 1215//1398 1212//1394
f 1212//1394 1215//1398 1221//1406
f 1212//1394 1221//1406 1218//1402
f 1218//1402 1221//1406 1227//1414
f 1218//1402 1227//1414 1224//1410
f 1224//1410 1227//1414 1233//1422
f 1224//1410 1233//1422 1230//1418
f 1230//1418 1233//1422 1239//1430
f 1230//1418 1239//1430 1236//1426
f 1241//1434 1244//1435 1245//1436
f 1241//1434 1245//1436 1247//1437
f 1242//1438 1246//1439 1245//1440
f 1242//1438 1245//1441 1244//1442
f 1243//1443 1247//1444 1245//1445
f 1243//1443 1245//1440 1246//1446
f 1248//1447 1251//1448 1252//1449
f 1248//1447 1252//1449 1254//1450
f 1249//1451 1253//1452 1252//1453
f 1249//1451 1252//1453 1251//1454
f 1250//1455 1254//1456 1252//1453
f 1250//1455 1252//1453 1253//1452
f 1255//1457 1258//1458 1259//1459
f 1255//1457 1259//1459 1261//1460
f 1256//1461 1260//1462 1259//1463
f 1256//1461 1259//1464 1258//1465
f 1257//1466 1261//1467 1259//1468
f 1257//1466 1259//1463 1260//1469
f 1262//1470 1265//1471 1266//1472
f 1262//1470 1266//1472 1268//1473
f 1263//1474 1267//1475 1266//1476
f 1263//1474 1266//1476 1265//1477
f 1264//1478 1268//1479 1266//1476
f 1264//1478 1266//1476 1267//1475
f 1269//1480 1272//1481 1273//1482
f 1269//1480 1273//1482 1275//1483
f 1270//1484 1274//1485 1273//1486
f 1270//1484 1273//1487 1272//1488
f 1271//1489 1275//1490 1273//1491
f 1271//1489 1273//1486 1274//1492
f 1276//1493 1279//1494 1280//1495
f 1276//1493 1280//1495 1282//1496
f 1277//1497 1281//1498 1280//1499
f 1277//1497 1280//1499 1279//1500
f 1278//1501 1282//1502 1280//1499
f 1278//1501 1280//1499 1281//1498
f 1283//1503 1286//1504 1287//1505
f 1283//1503 1287//1505 1289//1506
f 1284//1507 1288//1508 1287//1509
f 1284//1507 1287//1510 1286//1511
f 1285//1512 1289//1513 1287//1514
f 1285//1512 1287//1509 1288//1515
f 1290//1516 1293//1517 1294//1518
f 1290//1516 1294//1518 1296//1519
f 1291//1520 1295//1521 1294//1522
f 1291//1520 1294//1522 1293//1523
f 1292//1524 1296//1525 1294//1522
f 1292//1524 1294//1522 1295//1521
f 1297//1526 1300//1527 1301//1528
f 1297//1526 1301//1528 1303//1529
f 1298//1530 1302//1531 1301//1532
f 1298//1530 1301//1533 1300//1534
f 1299//1535 1303//1536 1301//1537
f 1299//1535 1301//1532 1302//1538
f 1304//1539 1307//1540 1308//1541
f 1304//1539 1308//1541 1310//1542
f 1305//1543 1309//1544 1308//1545
f 1305//1543 1308//1545 1307//1546
f 1306//1547 1310//1548 1308//1545
f 1306//1547 1308//1545 1309//1544
f 1311//1549 1314//1550 1315//1551
f 1311//1549 1315//1551 1317//1552
f 1312//1553 1316//1554 1315//1555
f 1312//1553 1315//1556 1314//1557
f 1313//1558 1317//1559 1315//1560
f 1313//1558 1315//1555 1316//1561
f 1318//1562 1321//1563 1322//1564
f 1318//1562 1322//1564 1324//1565
f 1319//1566 1323//1567 1322//1568
f 1319//1566 1322//1568 1321//1569
f 1320//1570 1324//1571 1322//1568
f 1320//1570 1322//1568 1323//1567
f 1243//1443 1256//1461 1258//1465
f 1243//1443 1258//1465 1247//1444
f 1247//1437 1258//1458 1255//1457
f 1247//1437 1255//1457 1241//1434
f 1264//1478 1249//1451 1251//1454
f 1264//1478 1251//1454 1268//1479
f 1268//1473 1251//1448 1248//1447
f 1268//1473 1248//1447 1262//1470
f 1242//1438 1250//1455 1253//1452
f 1242//1438 1253//1452 1246//1572
f 1246//1573 1253//1452 1249//1451
f 1246//1573 1249//1451 1243//1443
f 1263//1474 1257//1466 1260//1574
f 1263//1474 1260//1574 1267//1475
f 1267//1475 1260//1575 1256//1461
f 1267//1475 1256//1461 1264//1478
f 1257//1466 1270//1484 1272//1488
f 1257//1466 1272//1488 1261//1467
f 1261//1460 1272//1481 1269//1480
f 1261//1460 1269//1480 1255//1457
f 1278//1501 1263//1474 1265//1477
f 1278//1501 1265//1477 1282//1502
f 1282//1496 1265//1471 1262//1470
f 1282//1496 1262//1470 1276//1493
f 1277//1497 1271//1489 1274//1576
f 1277//1497 1274//1576 1281//1498
f 1281//1498 1274//1577 1270//1484
f 1281//1498 1270//1484 1278//1501
f 1271//1489 1284//1507 1286//1511
f 1271//1489 1286//1511 1275//1490
f 1275//1483 1286//1504 1283//1503
f 1275//1483 1283//1503 1269//1480
f 1292//1524 1277//1497 1279//1500
f 1292//1524 1279//1500 1296//1525
f 1296//1519 1279//1494 1276//1493
f 1296//1519 1276//1493 1290//1516
f 1291//1520 1285//1512 1288//1578
f 1291//1520 1288//1578 1295//1521
f 1295//1521 1288//1579 1284//1507
f 1295//1521 1284//1507 1292//1524
f 1285//1512 1298//1530 1300//1534
f 1285//1512 1300//1534 1289//1513
f 1289//1506 1300//1527 1297//1526
f 1289//1506 1297//1526 1283//1503
f 1306//1547 1291//1520 1293//1523
f 1306//1547 1293//1523 1310//1548
f 1310//1542 1293//1517 1290//1516
f 1310//1542 1290//1516 1304//1539
f 1305//1543 1299//1535 1302//1580
f 1305//1543 1302//1580 1309//1544
f 1309//1544 1302//1581 1298//1530
f 1309//1544 1298//1530 1306//1547
f 1299//1535 1312//1553 1314//1557
f 1299//1535 1314//1557 1303//1536
f 1303//1529 1314//1550 1311//1549
f 1303//1529 1311//1549 1297//1526
f 1320//1570 1305//1543 1307//1546
f 1320//1570 1307//1546 1324//1571
f 1324//1565 1307//1540 1304//1539
f 1324//1565 1304//1539 1318//1562
f 1319//1566 1313//1558 1316//1582
f 1319//1566 1316//1582 1323//1567
f 1323//1567 1316//1583 1312//1553
f 1323//1567 1312//1553 1320//1570
f 1313//1558 1242//1438 1244//1442
f 1313//1558 1244//1442 1317//1559
f 1317//1552 1244//1435 1241//1434
f 1317//1552 1241//1434 1311//1549
f 1250//1455 1319//1566 1321//1569
f 1250//1455 1321//1569 1254//1456
f 1254//1450 1321//1563 1318//1562
f 1254//1450 1318//1562 1248//1447
f 1311//1549 1241//1434 1255//1457
f 1255//1457 1269//1480 1283//1503
f 1283//1503 1297//1526 1311//1549
f 1255//1457 1283//1503 1311//1549
f 1243//1443 1249//1451 1264//1478
f 1243//1443 1264//1478 1256//1461
f 1313//1558 1319//1566 1250//1455
f 1313//1558 1250//1455 1242//1438
f 1276//1493 1262//1470 1248//1447
f 1248//1447 1318//1562 1304//1539
f 1304//1539 1290//1516 1276//1493
f 1248//1447 1304//1539 1276//1493
f 1257//1466 1263//1474 1278//1501
f 1257//1466 1278//1501 1270//1484
f 1271//1489 1277//1497 1292//1524
f 1271//1489 1292//1524 1284//1507
f 1285//1512 1291//1520 1306//1547
f 1285//1512 1306//1547 1298//1530
f 1299//1535 1305//1543 1320//1570
f 1299//1535 1320//1570 1312//1553
f 1326//1242 1332//1243 1333//1244
f 1326//1242 1333//1244 1327//1245
f 1327//1246 1333//1247 1331//1248
f 1327//1246 1331//1248 1325//1249
f 1335//1250 1329//1251 1330//1252
f 1335//1250 1330//1252 1336//1253
f 1336//1584 1330//1255 1328//1256
f 1336//1584 1328//1256 1334//1257
f 1332//1243 1338//1258 1339//1585
f 1332//1243 1339//1585 1333//1244
f 1333//1247 1339//1260 1337//1261
f 1333//1247 1337//1261 1331//1248
f 1341//1262 1335//1250 1336//1253
f 1341//1262 1336//1253 1342//1263
f 1342//1264 1336//1584 1334//1257
f 1342//1264 1334//1257 1340//1265
f 1338//1258 1344//1266 1345//1267
f 1338//1258 1345//1267 1339//1585
f 1339//1260 1345//1586 1343//1269
f 1339//1260 1343//1269 1337//1261
f 1347//1270 1341//1262 1342//1263
f 1347//1270 1342//1263 1348//1271
f 1348//1587 1342//1264 1340//1265
f 1348//1587 1340//1265 1346//1273
f 1344//1266 1350//1274 1351//1275
f 1344//1266 1351//1275 1345//1267
f 1345//1586 1351//1276 1349//1277
f 1345//1586 1349//1277 1343//1269
f 1353//1278 1347//1270 1348//1271
f 1353//1278 1348//1271 1354//1588
f 1354//1280 1348//1587 1346//1273
f 1354//1280 1346//1273 1352//1281
f 1350//1274 1356//1282 1357//1283
f 1350//1274 1357//1283 1351//1275
f 1351//1276 1357//1284 1355//1285
f 1351//1276 1355//1285 1349//1277
f 1359//1286 1353//1278 1354//1588
f 1359//1286 1354//1588 1360//1287
f 1360//1288 1354//1280 1352//1281
f 1360//1288 1352//1281 1358//1289
f 1356//1282 1362//1290 1363//1291
f 1356//1282 1363//1291 1357//1283
f 1357//1284 1363//1292 1361//1293
f 1357//1284 1361//1293 1355//1285
f 1365//1294 1359//1286 1360//1287
f 1365//1294 1360//1287 1366//1295
f 1366//1296 1360//1288 1358//1289
f 1366//1296 1358//1289 1364//1297
f 1362//1290 1368//1298 1369//1299
f 1362//1290 1369//1299 1363//1291
f 1363//1292 1369//1300 1367//1301
f 1363//1292 1367//1301 1361//1293
f 1371//1302 1365//1294 1366//1295
f 1371//1302 1366//1295 1372//1303
f 1372//1589 1366//1296 1364//1297
f 1372//1589 1364//1297 1370//1305
f 1368//1298 1374//1306 1375//1307
f 1368//1298 1375//1307 1369//1299
f 1369//1300 1375//1308 1373//1309
f 1369//1300 1373//1309 1367//1301
f 1377//1310 1371//1302 1372//1303
f 1377//1310 1372//1303 1378//1311
f 1378//1312 1372//1589 1370//1305
f 1378//1312 1370//1305 1376//1313
f 1374//1306 1380//1314 1381//1315
f 1374//1306 1381//1315 1375//1307
f 1375//1308 1381//1316 1379//1317
f 1375//1308 1379//1317 1373//1309
f 1383//1318 1377//1310 1378//1311
f 1383//1318 1378//1311 1384//1319
f 1384//1320 1378//1312 1376//1313
f 1384//1320 1376//1313 1382//1321
f 1380//1314 1386//1322 1387//1323
f 1380//1314 1387//1323 1381//1315
f 1381//1316 1387//1324 1385//1325
f 1381//1316 1385//1325 1379//1317
f 1389//1326 1383//1318 1384//1319
f 1389//1326 1384//1319 1390//1327
f 1390//1328 1384//1320 1382//1321
f 1390//1328 1382//1321 1388//1329
f 1386//1322 1392//1330 1393//1331
f 1386//1322 1393//1331 1387//1323
f 1387//1324 1393//1332 1391//1333
f 1387//1324 1391//1333 1385//1325
f 1395//1334 1389//1326 1390//1327
f 1395//1334 1390//1327 1396//1335
f 1396//1336 1390//1328 1388//1329
f 1396//1336 1388//1329 1394//1337
f 1392//1330 1398//1338 1399//1339
f 1392//1330 1399//1339 1393//1331
f 1393//1332 1399//1340 1397//1341
f 1393//1332 1397//1341 1391//1333
f 1401//1342 1395//1334 1396//1335
f 1401//1342 1396//1335 1402//1343
f 1402//1344 1396//1336 1394//1337
f 1402//1344 1394//1337 1400//1345
f 1398//1338 1404//1346 1405//1347
f 1398//1338 1405//1347 1399//1339
f 1399//1340 1405//1348 1403//1349
f 1399//1340 1403//1349 1397//1341
f 1407//1350 1401//1342 1402//1343
f 1407//1350 1402//1343 1408//1351
f 1408//1352 1402//1344 1400//1345
f 1408//1352 1400//1345 1406//1353
f 1404//1346 1410//1354 1411//1355
f 1404//1346 1411//1355 1405//1347
f 1405//1348 1411//1356 1409//1357
f 1405//1348 1409//1357 1403//1349
f 1413//1358 1407//1350 1408//1351
f 1413//1358 1408//1351 1414//1359
f 1414//1360 1408//1352 1406//1353
f 1414//1360 1406//1353 1412//1361
f 1410//1354 1416//1362 1417//1363
f 1410//1354 1417//1363 1411//1355
f 1411//1356 1417//1364 1415//1365
f 1411//1356 1415//1365 1409//1357
f 1419//1366 1413//1358 1414//1359
f 1419//1366 1414//1359 1420//1367
f 1420//1368 1414//1360 1412//1361
f 1420//1368 1412//1361 1418//1369
f 1416//1362 1422//1370 1423//1371
f 1416//1362 1423//1371 1417//1363
f 1417//1364 1423//1372 1421//1373
f 1417//1364 1421//1373 1415//1365
f 1425//1374 1419//1366 1420//1367
f 1425//1374 1420//1367 1426//1375
f 1426//1376 1420//1368 1418//1369
f 1426//1376 1418//1369 1424//1377
f 1422//1370 1428//1378 1429//1379
f 1422//1370 1429//1379 1423//1371
f 1423//1372 1429//1590 1427//1381
f 1423//1372 1427//1381 1421//1373
f 1431//1382 1425//1374 1426//1375
f 1431//1382 1426//1375 1432//1383
f 1432//1384 1426//1376 1424//1377
f 1432//1384 1424//1377 1430//1385
f 1428//1378 1434//1386 1435//1387
f 1428//1378 1435//1387 1429//1379
f 1429//1590 1435//1388 1433//1389
f 1429//1590 1433//1389 1427//1381
f 1437//1390 1431//1382 1432//1383
f 1437//1390 1432//1383 1438//1391
f 1438//1392 1432//1384 1430//1385
f 1438//1392 1430//1385 1436//1393
f 1434//1386 1440//1394 1441//1395
f 1434//1386 1441//1395 1435//1387
f 1435//1388 1441//1396 1439//1397
f 1435//1388 1439//1397 1433//1389
f 1443//1398 1437//1390 1438//1391
f 1443//1398 1438//1391 1444//1399
f 1444//1400 1438//1392 1436//1393
f 1444//1400 1436//1393 1442//1401
f 1440//1394 1446//1402 1447//1591
f 1440//1394 1447//1591 1441//1395
f 1441//1396 1447//1404 1445//1405
f 1441//1396 1445//1405 1439//1397
f 1449//1406 1443//1398 1444//1399
f 1449//1406 1444//1399 1450//1407
f 1450//1408 1444//1400 1442//1401
f 1450//1408 1442//1401 1448//1409
f 1446//1402 1452//1410 1453//1411
f 1446//1402 1453//1411 1447//1591
f 1447//1404 1453//1592 1451//1413
f 1447//1404 1451//1413 1445//1405
f 1455//1414 1449//1406 1450//1407
f 1455//1414 1450//1407 1456//1415
f 1456//1593 1450//1408 1448//1409
f 1456//1593 1448//1409 1454//1417
f 1452//1410 1458//1418 1459//1419
f 1452//1410 1459//1419 1453//1411
f 1453//1592 1459//1420 1457//1421
f 1453//1592 1457//1421 1451//1413
f 1461//1422 1455//1414 1456//1415
f 1461//1422 1456//1415 1462//1594
f 1462//1424 1456//1593 1454//1417
f 1462//1424 1454//1417 1460//1425
f 1458//1418 1464//1426 1465//1427
f 1458//1418 1465//1427 1459//1419
f 1459//1420 1465//1595 1463//1429
f 1459//1420 1463//1429 1457//1421
f 1467//1430 1461//1422 1462//1594
f 1467//1430 1462//1594 1468//1431
f 1468//1432 1462//1424 1460//1425
f 1468//1432 1460//1425 1466//1433
f 1464//1426 1326//1242 1327//1245
f 1464//1426 1327//1245 1465//1427
f 1465//1595 1327//1246 1325//1249
f 1465//1595 1325//1249 1463//1429
f 1329//1251 1467//1430 1468//1431
f 1329//1251 1468//1431 1330//1252
f 1330//1255 1468//1432 1466//1433
f 1330//1255 1466//1433 1328//1256
f 1463//1429 1325//1249 1331//1248
f 1331//1248 1337//1261 1343//1269
f 1343//1269 1349//1277 1355//1285
f 1355//1285 1361//1293 1367//1301
f 1367//1301 1373//1309 1379//1317
f 1379//1317 1385//1325 1391//1333
f 1391//1333 1397//1341 1403//1349
f 1403//1349 1409//1357 1415//1365
f 1415//1365 1421//1373 1427//1381
f 1427//1381 1433//1389 1439//1397
f 1439//1397 1445//1405 1451//1413
f 1451//1413 1457//1421 1463//1429
f 1463//1429 1331//1248 1343//1269
f 1343//1269 1355//1285 1367//1301
f 1367//1301 1379//1317 1391//1333
f 1391//1333 1403//1349 1415//1365
f 1415//1365 1427//1381 1439//1397
f 1439//1397 1451//1413 1463//1429
f 1463//1429 1343//1269 1367//1301
f 1367//1301 1391//1333 1415//1365
f 1415//1365 1439//1397 1463//1429
f 1367//1301 1415//1365 1463//1429
f 1326//1242 1329//1251 1335//1250
f 1326//1242 1335//1250 1332//1243
f 1464//1426 1467//1430 1329//1251
f 1464//1426 1329//1251 1326//1242
f 1340//1265 1334//1257 1328//1256
f 1328//1256 1466//1433 1460//1425
f 1460//1425 1454//1417 1448//1409
f 1448//1409 1442//1401 1436//1393
f 1436//1393 1430//1385 1424//1377
f 1424//1377 1418//1369 1412//1361
f 1412//1361 1406//1353 1400//1345
f 1400//1345 1394//1337 1388//1329
f 1388//1329 1382//1321 1376//1313
f 1376//1313 1370//1305 1364//1297
f 1364//1297 1358//1289 1352//1281
f 1352//1281 1346//1273 1340//1265
f 1340//1265 1328//1256 1460//1425
f 1460//1425 1448//1409 1436//1393
f 1436//1393 1424//1377 1412//1361
f 1412//1361 1400//1345 1388//1329
f 1388//1329 1376//1313 1364//1297
f 1364//1297 1352//1281 1340//1265
f 1340//1265 1460//1425 1436//1393
f 1436//1393 1412//1361 1388//1329
f 1388//1329 1364//1297 1340//1265
f 1436//1393 1388//1329 1340//1265
f 1332//1243 1335//1250 1341//1262
f 1332//1243 1341//1262 1338//1258
f 1338//1258 1341//1262 1347//1270
f 1338//1258 1347//1270 1344//1266
f 1344//1266 1347//1270 1353//1278
f 1344//1266 1353//1278 1350//1274
f 1350//1274 1353//1278 1359//1286
f 1350//1274 1359//1286 1356//1282
f 1356//1282 1359//1286 1365//1294
f 1356//1282 1365//1294 1362//1290
f 1362//1290 1365//1294 1371//1302
f 1362//1290 1371//1302 1368//1298
f 1368//1298 1371//1302 1377//1310
f 1368//1298 1377//1310 1374//1306
f 1374//1306 1377//1310 1383//1318
f 1374//1306 1383//1318 1380//1314
f 1380//1314 1383//1318 1389//1326
f 1380//1314 1389//1326 1386//1322
f 1386//1322 1389//1326 1395//1334
f 1386//1322 1395//1334 1392//1330
f 1392//1330 1395//1334 1401//1342
f 1392//1330 1401//1342 1398//1338
f 1398//1338 1401//1342 1407//1350
f 1398//1338 1407//1350 1404//1346
f 1404//1346 1407//1350 1413//1358
f 1404//1346 1413//1358 1410//1354
f 1410//1354 1413//1358 1419//1366
f 1410//1354 1419//1366 1416//1362
f 1416//1362 1419//1366 1425//1374
f 1416//1362 1425//1374 1422//1370
f 1422//1370 1425//1374 1431//1382
f 1422//1370 1431//1382 1428//1378
f 1428//1378 1431//1382 1437//1390
f 1428//1378 1437//1390 1434//1386
f 1434//1386 1437//1390 1443//1398
f 1434//1386 1443//1398 1440//1394
f 1440//1394 1443//1398 1449//1406
f 1440//1394 1449//1406 1446//1402
f 1446//1402 1449//1406 1455//1414
f 1446//1402 1455//1414 1452//1410
f 1452//1410 1455//1414 1461//1422
f 1452//1410 1461//1422 1458//1418
f 1458//1418 1461//1422 1467//1430
f 1458//1418 1467//1430 1464//1426
f 1469//1596 1472//1597 1473//1598
f 1469//1596 1473//1598 1475//1599
f 1470//1600 1474//1601 1473//1602
f 1470//1600 1473//1603 1472//1604
f 1471//1605 1475//1606 1473//1607
f 1471//1605 1473//1602 1474//1608
f 1476//1609 1479//1610 1480//1611
f 1476//1609 1480//1611 1482//1612
f 1477//1613 1481//1614 1480//1615
f 1477//1613 1480//1615 1479//1616
f 1478//1617 1482//1618 1480//1615
f 1478//1617 1480//1615 1481//1614
f 1483//1619 1486//1620 1487//1621
f 1483//1619 1487//1621 1489//1622
f 1484//1623 1488//1624 1487//1625
f 1484//1623 1487//1626 1486//1627
f 1485//1628 1489//1629 1487//1630
f 1485//1628 1487//1625 1488//1631
f 1490//1632 1493//1633 1494//1634
f 1490//1632 1494//1634 1496//1635
f 1491//1636 1495//1637 1494//1638
f 1491//1636 1494//1638 1493//1639
f 1492//1640 1496//1641 1494//1638
f 1492//1640 1494//1638 1495//1637
f 1497//1642 1500//1643 1501//1644
f 1497//1642 1501//1644 1503//1645
f 1498//1646 1502//1647 1501//1648
f 1498//1646 1501//1649 1500//1650
f 1499//1651 1503//1652 1501//1653
f 1499//1651 1501//1648 1502//1654
f 1504//1655 1507//1656 1508//1657
f 1504//1655 1508//1657 1510//1658
f 1505//1659 1509//1660 1508//1661
f 1505//1659 1508//1661 1507//1662
f 1506//1663 1510//1664 1508//1661
f 1506//1663 1508//1661 1509//1660
f 1511//1665 1514//1666 1515//1667
f 1511//1665 1515//1667 1517//1668
f 1512//1669 1516//1670 1515//1671
f 1512//1669 1515//1672 1514//1673
f 1513//1674 1517//1675 1515//1676
f 1513//1674 1515//1671 1516//1677
f 1518//1678 1521//1679 1522//1680
f 1518//1678 1522//1680 1524//1681
f 1519//1682 1523//1683 1522//1684
f 1519//1682 1522//1684 1521//1685
f 1520//1686 1524//1687 1522//1684
f 1520//1686 1522//1684 1523//1683
f 1525//1688 1528//1689 1529//1690
f 1525//1688 1529//1690 1531//1691
f 1526//1692 1530//1693 1529//1694
f 1526//1692 1529//1695 1528//1696
f 1527//1697 1531//1698 1529//1699
f 1527//1697 1529//1694 1530//1700
f 1532//1701 1535//1702 1536//1703
f 1532//1701 1536//1703 1538//1704
f 1533//1705 1537//1706 1536//1707
f 1533//1705 1536//1707 1535//1708
f 1534//1709 1538//1710 1536//1707
f 1534//1709 1536//1707 1537//1706
f 1539//1711 1542//1712 1543//1713
f 1539//1711 1543//1713 1545//1714
f 1540//1715 1544//1716 1543//1717
f 1540//1715 1543//1718 1542//1719
f 1541//1720 1545//1721 1543//1722
f 1541//1720 1543//1717 1544//1723
f 1546//1724 1549//1725 1550//1726
f 1546//1724 1550//1726 1552//1727
f 1547//1728 1551//1729 1550//1730
f 1547//1728 1550//1730 1549//1731
f 1548//1732 1552//1733 1550//1730
f 1548//1732 1550//1730 1551//1729
f 1471//1605 1484//1623 1486//1627
f 1471//1605 1486//1627 1475//1606
f 1475//1599 1486//1620 1483//1619
f 1475//1599 1483//1619 1469//1596
f 1492//1640 1477//1613 1479//1616
f 1492//1640 1479//1616 1496//1641
f 1496//1635 1479//1610 1476//1609
f 1496//1635 1476//1609 1490//1632
f 1470//1600 1478//1617 1481//1614
f 1470//1600 1481//1614 1474//1734
f 1474//1735 1481//1614 1477//1613
f 1474//1735 1477//1613 1471//1605
f 1491//1636 1485//1628 1488//1736
f 1491//1636 1488//1736 1495//1637
f 1495//1637 1488//1737 1484//1623
f 1495//1637 1484//1623 1492//1640
f 1485//1628 1498//1646 1500//1650
f 1485//1628 1500//1650 1489//1629
f 1489//1622 1500//1643 1497//1642
f 1489//1622 1497//1642 1483//1619
f 1506//1663 1491//1636 1493//1639
f 1506//1663 1493//1639 1510//1664
f 1510//1658 1493//1633 1490//1632
f 1510//1658 1490//1632 1504//1655
f 1505//1659 1499//1651 1502//1738
f 1505//1659 1502//1738 1509//1660
f 1509//1660 1502//1739 1498//1646
f 1509//1660 1498//1646 1506//1663
f 1499//1651 1512//1669 1514//1673
f 1499//1651 1514//1673 1503//1652
f 1503//1645 1514//1666 1511//1665
f 1503//1645 1511//1665 1497//1642
f 1520//1686 1505//1659 1507//1662
f 1520//1686 1507//1662 1524//1687
f 1524//1681 1507//1656 1504//1655
f 1524//1681 1504//1655 1518//1678
f 1519//1682 1513//1674 1516//1740
f 1519//1682 1516//1740 1523//1683
f 1523//1683 1516//1741 1512//1669
f 1523//1683 1512//1669 1520//1686
f 1513//1674 1526//1692 1528//1696
f 1513//1674 1528//1696 1517//1675
f 1517//1668 1528//1689 1525//1688
f 1517//1668 1525//1688 1511//1665
f 1534//1709 1519//1682 1521//1685
f 1534//1709 1521//1685 1538//1710
f 1538//1704 1521//1679 1518//1678
f 1538//1704 1518//1678 1532//1701
f 1533//1705 1527//1697 1530//1742
f 1533//1705 1530//1742 1537//1706
f 1537//1706 1530//1743 1526//1692
f 1537//1706 1526//1692 1534//1709
f 1527//1697 1540//1715 1542//1719
f 1527//1697 1542//1719 1531//1698
f 1531//1691 1542//1712 1539//1711
f 1531//1691 1539//1711 1525//1688
f 1548//1732 1533//1705 1535//1708
f 1548//1732 1535//1708 1552//1733
f 1552//1727 1535//1702 1532//1701
f 1552//1727 1532//1701 1546//1724
f 1547//1728 1541//1720 1544//1744
f 1547//1728 1544//1744 1551//1729
f 1551//1729 1544//1745 1540//1715
f 1551//1729 1540//1715 1548//1732
f 1541//1720 1470//1600 1472//1604
f 1541//1720 1472//1604 1545//1721
f 1545//1714 1472//1597 1469//1596
f 1545//1714 1469//1596 1539//1711
f 1478//1617 1547//1728 1549//1731
f 1478//1617 1549//1731 1482//1618
f 1482//1612 1549//1725 1546//1724
f 1482//1612 1546//1724 1476//1609
f 1539//1711 1469//1596 1483//1619
f 1483//1619 1497//1642 1511//1665
f 1511//1665 1525//1688 1539//1711
f 1483//1619 1511//1665 1539//1711
f 1471//1605 1477//1613 1492//1640
f 1471//1605 1492//1640 1484//1623
f 1541//1720 1547//1728 1478//1617
f 1541//1720 1478//1617 1470//1600
f 1504//1655 1490//1632 1476//1609
f 1476//1609 1546//1724 1532//1701
f 1532//1701 1518//1678 1504//1655
f 1476//1609 1532//1701 1504//1655
f 1485//1628 1491//1636 1506//1663
f 1485//1628 1506//1663 1498//1646
f 1499//1651 1505//1659 1520//1686
f 1499//1651 1520//1686 1512//1669
f 1513//1674 1519//1682 1534//1709
f 1513//1674 1534//1709 1526//1692
f 1527//1697 1533//1705 1548//1732
f 1527//1697 1548//1732 1540//1715
f 1554//1242 1560//1243 1561//1244
f 1554//1242 1561//1244 1555//1245
f 1555//1246 1561//1247 1559//1248
f 1555//1246 1559//1248 1553//1249
f 1563//1250 1557//1251 1558//1252
f 1563//1250 1558//1252 1564//1253
f 1564//1254 1558//1255 1556//1256
f 1564//1254 1556//1256 1562//1257
f 1560//1243 1566//1258 1567//1585
f 1560//1243 1567//1585 1561//1244
f 1561//1247 1567//1260 1565//1261
f 1561//1247 1565//1261 1559//1248
f 1569//1262 1563//1250 1564//1253
f 1569//1262 1564//1253 1570//1263
f 1570//1264 1564//1254 1562//1257
f 1570//1264 1562//1257 1568//1265
f 1566//1258 1572//1266 1573//1267
f 1566//1258 1573//1267 1567//1585
f 1567//1260 1573//1586 1571//1269
f 1567//1260 1571//1269 1565//1261
f 1575//1270 1569//1262 1570//1263
f 1575//1270 1570//1263 1576//1271
f 1576//1587 1570//1264 1568//1265
f 1576//1587 1568//1265 1574//1273
f 1572//1266 1578//1274 1579//1275
f 1572//1266 1579//1275 1573//1267
f 1573//1586 1579//1276 1577//1277
f 1573//1586 1577//1277 1571//1269
f 1581//1278 1575//1270 1576//1271
f 1581//1278 1576//1271 1582//1588
f 1582//1280 1576//1587 1574//1273
f 1582//1280 1574//1273 1580//1281
f 1578//1274 1584//1282 1585//1283
f 1578//1274 1585//1283 1579//1275
f 1579//1276 1585//1284 1583//1285
f 1579//1276 1583//1285 1577//1277
f 1587//1286 1581//1278 1582//1588
f 1587//1286 1582//1588 1588//1287
f 1588//1288 1582//1280 1580//1281
f 1588//1288 1580//1281 1586//1289
f 1584//1282 1590//1290 1591//1291
f 1584//1282 1591//1291 1585//1283
f 1585//1284 1591//1292 1589//1293
f 1585//1284 1589//1293 1583//1285
f 1593//1294 1587//1286 1588//1287
f 1593//1294 1588//1287 1594//1295
f 1594//1296 1588//1288 1586//1289
f 1594//1296 1586//1289 1592//1297
f 1590//1290 1596//1298 1597//1299
f 1590//1290 1597//1299 1591//1291
f 1591//1292 1597//1300 1595//1301
f 1591//1292 1595//1301 1589//1293
f 1599//1302 1593//1294 1594//1295
f 1599//1302 1594//1295 1600//1303
f 1600//1589 1594//1296 1592//1297
f 1600//1589 1592//1297 1598//1305
f 1596//1298 1602//1306 1603//1307
f 1596//1298 1603//1307 1597//1299
f 1597//1300 1603//1308 1601//1309
f 1597//1300 1601//1309 1595//1301
f 1605//1310 1599//1302 1600//1303
f 1605//1310 1600//1303 1606//1311
f 1606//1312 1600//1589 1598//1305
f 1606//1312 1598//1305 1604//1313
f 1602//1306 1608//1314 1609//1315
f 1602//1306 1609//1315 1603//1307
f 1603//1308 1609//1316 1607//1317
f 1603//1308 1607//1317 1601//1309
f 1611//1318 1605//1310 1606//1311
f 1611//1318 1606//1311 1612//1319
f 1612//1320 1606//1312 1604//1313
f 1612//1320 1604//1313 1610//1321
f 1608//1314 1614//1322 1615//1323
f 1608//1314 1615//1323 1609//1315
f 1609//1316 1615//1324 1613//1325
f 1609//1316 1613//1325 1607//1317
f 1617//1326 1611//1318 1612//1319
f 1617//1326 1612//1319 1618//1327
f 1618//1328 1612//1320 1610//1321
f 1618//1328 1610//1321 1616//1329
f 1614//1322 1620//1330 1621//1331
f 1614//1322 1621//1331 1615//1323
f 1615//1324 1621//1746 1619//1333
f 1615//1324 1619//1333 1613//1325
f 1623//1334 1617//1326 1618//1327
f 1623//1334 1618//1327 1624//1335
f 1624//1336 1618//1328 1616//1329
f 1624//1336 1616//1329 1622//1337
f 1620//1330 1626//1338 1627//1339
f 1620//1330 1627//1339 1621//1331
f 1621//1746 1627//1340 1625//1341
f 1621//1746 1625//1341 1619//1333
f 1629//1342 1623//1334 1624//1335
f 1629//1342 1624//1335 1630//1343
f 1630//1344 1624//1336 1622//1337
f 1630//1344 1622//1337 1628//1345
f 1626//1338 1632//1346 1633//1347
f 1626//1338 1633//1347 1627//1339
f 1627//1340 1633//1348 1631//1349
f 1627//1340 1631//1349 1625//1341
f 1635//1350 1629//1342 1630//1343
f 1635//1350 1630//1343 1636//1351
f 1636//1352 1630//1344 1628//1345
f 1636//1352 1628//1345 1634//1353
f 1632//1346 1638//1354 1639//1747
f 1632//1346 1639//1747 1633//1347
f 1633//1348 1639//1356 1637//1357
f 1633//1348 1637//1357 1631//1349
f 1641//1358 1635//1350 1636//1351
f 1641//1358 1636//1351 1642//1359
f 1642//1360 1636//1352 1634//1353
f 1642//1360 1634//1353 1640//1361
f 1638//1354 1644//1362 1645//1363
f 1638//1354 1645//1363 1639//1747
f 1639//1356 1645//1748 1643//1365
f 1639//1356 1643//1365 1637//1357
f 1647//1366 1641//1358 1642//1359
f 1647//1366 1642//1359 1648//1367
f 1648//1749 1642//1360 1640//1361
f 1648//1749 1640//1361 1646//1369
f 1644//1362 1650//1370 1651//1371
f 1644//1362 1651//1371 1645//1363
f 1645//1748 1651//1372 1649//1373
f 1645//1748 1649//1373 1643//1365
f 1653//1374 1647//1366 1648//1367
f 1653//1374 1648//1367 1654//1750
f 1654//1376 1648//1749 1646//1369
f 1654//1376 1646//1369 1652//1377
f 1650//1370 1656//1378 1657//1379
f 1650//1370 1657//1379 1651//1371
f 1651//1372 1657//1380 1655//1381
f 1651//1372 1655//1381 1649//1373
f 1659//1382 1653//1374 1654//1750
f 1659//1382 1654//1750 1660//1383
f 1660//1384 1654//1376 1652//1377
f 1660//1384 1652//1377 1658//1385
f 1656//1378 1662//1386 1663//1387
f 1656//1378 1663//1387 1657//1379
f 1657//1380 1663//1388 1661//1389
f 1657//1380 1661//1389 1655//1381
f 1665//1390 1659//1382 1660//1383
f 1665//1390 1660//1383 1666//1391
f 1666//1392 1660//1384 1658//1385
f 1666//1392 1658//1385 1664//1393
f 1662//1386 1668//1394 1669//1395
f 1662//1386 1669//1395 1663//1387
f 1663//1388 1669//1396 1667//1397
f 1663//1388 1667//1397 1661//1389
f 1671//1398 1665//1390 1666//1391
f 1671//1398 1666//1391 1672//1399
f 1672//1751 1666//1392 1664//1393
f 1672//1751 1664//1393 1670//1401
f 1668//1394 1674//1402 1675//1403
f 1668//1394 1675//1403 1669//1395
f 1669//1396 1675//1404 1673//1405
f 1669//1396 1673//1405 1667//1397
f 1677//1406 1671//1398 1672//1399
f 1677//1406 1672//1399 1678//1407
f 1678//1408 1672//1751 1670//1401
f 1678//1408 1670//1401 1676//1409
f 1674//1402 1680//1410 1681//1411
f 1674//1402 1681//1411 1675//1403
f 1675//1404 1681//1412 1679//1413
f 1675//1404 1679//1413 1673//1405
f 1683//1414 1677//1406 1678//1407
f 1683//1414 1678//1407 1684//1415
f 1684//1416 1678//1408 1676//1409
f 1684//1416 1676//1409 1682//1417
f 1680//1410 1686//1418 1687//1419
f 1680//1410 1687//1419 1681//1411
f 1681//1412 1687//1420 1685//1421
f 1681//1412 1685//1421 1679//1413
f 1689//1422 1683//1414 1684//1415
f 1689//1422 1684//1415 1690//1423
f 1690//1424 1684//1416 1682//1417
f 1690//1424 1682//1417 1688//1425
f 1686//1418 1692//1426 1693//1427
f 1686//1418 1693//1427 1687//1419
f 1687//1420 1693//1595 1691//1429
f 1687//1420 1691//1429 1685//1421
f 1695//1430 1689//1422 1690//1423
f 1695//1430 1690//1423 1696//1431
f 1696//1432 1690//1424 1688//1425
f 1696//1432 1688//1425 1694//1433
f 1692//1426 1554//1242 1555//1245
f 1692//1426 1555//1245 1693//1427
f 1693//1595 1555//1246 1553//1249
f 1693//1595 1553//1249 1691//1429
f 1557//1251 1695//1430 1696//1431
f 1557//1251 1696//1431 1558//1252
f 1558//1255 1696//1432 1694//1433
f 1558//1255 1694//1433 1556//1256
f 1691//1429 1553//1249 1559//1248
f 1559//1248 1565//1261 1571//1269
f 1571//1269 1577//1277 1583//1285
f 1583//1285 1589//1293 1595//1301
f 1595//1301 1601//1309 1607//1317
f 1607//1317 1613//1325 1619//1333
f 1619//1333 1625//1341 1631//1349
f 1631//1349 1637//1357 1643//1365
f 1643//1365 1649//1373 1655//1381
f 1655//1381 1661//1389 1667//1397
f 1667//1397 1673//1405 1679//1413
f 1679//1413 1685//1421 1691//1429
f 1691//1429 1559//1248 1571//1269
f 1571//1269 1583//1285 1595//1301
f 1595//1301 1607//1317 1619//1333
f 1619//1333 1631//1349 1643//1365
f 1643//1365 1655//1381 1667//1397
f 1667//1397 1679//1413 1691//1429
f 1691//1429 1571//1269 1595//1301
f 1595//1301 1619//1333 1643//1365
f 1643//1365 1667//1397 1691//1429
f 1595//1301 1643//1365 1691//1429
f 1554//1242 1557//1251 1563//1250
f 1554//1242 1563//1250 1560//1243
f 1692//1426 1695//1430 1557//1251
f 1692//1426 1557//1251 1554//1242
f 1568//1265 1562//1257 1556//1256
f 1556//1256 1694//1433 1688//1425
f 1688//1425 1682//1417 1676//1409
f 1676//1409 1670//1401 1664//1393
f 1664//1393 1658//1385 1652//1377
f 1652//1377 1646//1369 1640//1361
f 1640//1361 1634//1353 1628//1345
f 1628//1345 1622//1337 1616//1329
f 1616//1329 1610//1321 1604//1313
f 1604//1313 1598//1305 1592//1297
f 1592//1297 1586//1289 1580//1281
f 1580//1281 1574//1273 1568//1265
f 1568//1265 1556//1256 1688//1425
f 1688//1425 1676//1409 1664//1393
f 1664//1393 1652//1377 1640//1361
f 1640//1361 1628//1345 1616//1329
f 1616//1329 1604//1313 1592//1297
f 1592//1297 1580//1281 1568//1265
f 1568//1265 1688//1425 1664//1393
f 1664//1393 1640//1361 1616//1329
f 1616//1329 1592//1297 1568//1265
f 1664//1393 1616//1329 1568//1265
f 1560//1243 1563//1250 1569//1262
f 1560//1243 1569//1262 1566//1258
f 1566//1258 1569//1262 1575//1270
f 1566//1258 1575//1270 1572//1266
f 1572//1266 1575//1270 1581//1278
f 1572//1266 1581//1278 1578//1274
f 1578//1274 1581//1278 1587//1286
f 1578//1274 1587//1286 1584//1282
f 1584//1282 1587//1286 1593//1294
f 1584//1282 1593//1294 1590//1290
f 1590//1290 1593//1294 1599//1302
f 1590//1290 1599//1302 1596//1298
f 1596//1298 1599//1302 1605//1310
f 1596//1298 1605//1310 1602//1306
f 1602//1306 1605//1310 1611//1318
f 1602//1306 1611//1318 1608//1314
f 1608//1314 1611//1318 1617//1326
f 1608//1314 1617//1326 1614//1322
f 1614//1322 1617//1326 1623//1334
f 1614//1322 1623//1334 1620//1330
f 1620//1330 1623//1334 1629//1342
f 1620//1330 1629//1342 1626//1338
f 1626//1338 1629//1342 1635//1350
f 1626//1338 1635//1350 1632//1346
f 1632//1346 1635//1350 1641//1358
f 1632//1346 1641//1358 1638//1354
f 1638//1354 1641//1358 1647//1366
f 1638//1354 1647//1366 1644//1362
f 1644//1362 1647//1366 1653//1374
f 1644//1362 1653//1374 1650//1370
f 1650//1370 1653//1374 1659//1382
f 1650//1370 1659//1382 1656//1378
f 1656//1378 1659//1382 1665//1390
f 1656//1378 1665//1390 1662//1386
f 1662//1386 1665//1390 1671//1398
f 1662//1386 1671//1398 1668//1394
f 1668//1394 1671//1398 1677//1406
f 1668//1394 1677//1406 1674//1402
f 1674//1402 1677//1406 1683//1414
f 1674//1402 1683//1414 1680//1410
f 1680//1410 1683//1414 1689//1422
f 1680//1410 1689//1422 1686//1418
f 1686//1418 1689//1422 1695//1430
f 1686//1418 1695//1430 1692//1426
f 1697//1752 1700//1753 1701//1754
f 1697//1752 1701//1754 1703//1755
f 1698//1756 1702//1757 1701//1758
f 1698//1756 1701//1759 1700//1760
f 1699//1761 1703//1762 1701//1763
f 1699//1761 1701//1758 1702//1764
f 1704//1765 1707//1766 1708//1767
f 1704//1765 1708//1767 1710//1768
f 1705//1769 1709//1770 1708//1771
f 1705//1769 1708//1771 1707//1772
f 1706//1773 1710//1774 1708//1771
f 1706//1773 1708//1771 1709//1770
f 1711//1775 1714//1776 1715//1777
f 1711//1775 1715//1777 1717//1778
f 1712//1779 1716//1780 1715//1781
f 1712//1779 1715//1782 1714//1783
f 1713//1784 1717//1785 1715//1786
f 1713//1784 1715//1781 1716//1787
f 1718//1788 1721//1789 1722//1790
f 1718//1788 1722//1790 1724//1791
f 1719//1792 1723//1793 1722//1794
f 1719//1792 1722//1794 1721//1795
f 1720//1796 1724//1797 1722//1794
f 1720//1796 1722//1794 1723//1793
f 1725//1798 1728//1799 1729//1800
f 1725//1798 1729//1800 1731//1801
f 1726//1802 1730//1803 1729//1804
f 1726//1802 1729//1805 1728//1806
f 1727//1807 1731//1808 1729//1809
f 1727//1807 1729//1804 1730//1810
f 1732//1811 1735//1812 1736//1813
f 1732//1811 1736//1813 1738//1814
f 1733//1815 1737//1816 1736//1817
f 1733//1815 1736//1817 1735//1818
f 1734//1819 1738//1820 1736//1817
f 1734//1819 1736//1817 1737//1816
f 1739//1821 1742//1822 1743//1823
f 1739//1821 1743//1823 1745//1824
f 1740//1825 1744//1826 1743//1827
f 1740//1825 1743//1828 1742//1829
f 1741//1830 1745//1831 1743//1832
f 1741//1830 1743//1827 1744//1833
f 1746//1834 1749//1835 1750//1836
f 1746//1834 1750//1836 1752//1837
f 1747//1838 1751//1839 1750//1840
f 1747//1838 1750//1840 1749//1841
f 1748//1842 1752//1843 1750//1840
f 1748//1842 1750//1840 1751//1839
f 1753//1844 1756//1845 1757//1846
f 1753//1844 1757//1846 1759//1847
f 1754//1848 1758//1849 1757//1850
f 1754//1848 1757//1851 1756//1852
f 1755//1853 1759//1854 1757//1855
f 1755//1853 1757//1850 1758//1856
f 1760//1857 1763//1858 1764//1859
f 1760//1857 1764//1859 1766//1860
f 1761//1861 1765//1862 1764//1863
f 1761//1861 1764//1863 1763//1864
f 1762//1865 1766//1866 1764//1863
f 1762//1865 1764//1863 1765//1862
f 1767//1867 1770//1868 1771//1869
f 1767//1867 1771//1869 1773//1870
f 1768//1871 1772//1872 1771//1873
f 1768//1871 1771//1874 1770//1875
f 1769//1876 1773//1877 1771//1878
f 1769//1876 1771//1873 1772//1879
f 1774//1880 1777//1881 1778//1882
f 1774//1880 1778//1882 1780//1883
f 1775//1884 1779//1885 1778//1886
f 1775//1884 1778//1886 1777//1887
f 1776//1888 1780//1889 1778//1886
f 1776//1888 1778//1886 1779//1885
f 1699//1761 1712//1779 1714//1783
f 1699//1761 1714//1783 1703//1762
f 1703//1755 1714//1776 1711//1775
f 1703//1755 1711//1775 1697//1752
f 1720//1796 1705//1769 1707//1772
f 1720//1796 1707//1772 1724//1797
f 1724//1791 1707//1766 1704//1765
f 1724//1791 1704//1765 1718//1788
f 1698//1756 1706//1773 1709//1770
f 1698//1756 1709//1770 1702//1890
f 1702//1891 1709//1770 1705//1769
f 1702//1891 1705//1769 1699//1761
f 1719//1792 1713//1784 1716//1892
f 1719//1792 1716//1892 1723//1793
f 1723//1793 1716//1893 1712//1779
f 1723//1793 1712//1779 1720//1796
f 1713//1784 1726//1802 1728//1806
f 1713//1784 1728//1806 1717//1785
f 1717//1778 1728//1799 1725//1798
f 1717//1778 1725//1798 1711//1775
f 1734//1819 1719//1792 1721//1795
f 1734//1819 1721//1795 1738//1820
f 1738//1814 1721//1789 1718//1788
f 1738//1814 1718//1788 1732//1811
f 1733//1815 1727//1807 1730//1894
f 1733//1815 1730//1894 1737//1816
f 1737//1816 1730//1895 1726//1802
f 1737//1816 1726//1802 1734//1819
f 1727//1807 1740//1825 1742//1829
f 1727//1807 1742//1829 1731//1808
f 1731//1801 1742//1822 1739//1821
f 1731//1801 1739//1821 1725//1798
f 1748//1842 1733//1815 1735//1818
f 1748//1842 1735//1818 1752//1843
f 1752//1837 1735//1812 1732//1811
f 1752//1837 1732//1811 1746//1834
f 1747//1838 1741//1830 1744//1896
f 1747//1838 1744//1896 1751//1839
f 1751//1839 1744//1897 1740//1825
f 1751//1839 1740//1825 1748//1842
f 1741//1830 1754//1848 1756//1852
f 1741//1830 1756//1852 1745//1831
f 1745//1824 1756//1845 1753//1844
f 1745//1824 1753//1844 1739//1821
f 1762//1865 1747//1838 1749//1841
f 1762//1865 1749//1841 1766//1866
f 1766//1860 1749//1835 1746//1834
f 1766//1860 1746//1834 1760//1857
f 1761//1861 1755//1853 1758//1898
f 1761//1861 1758//1898 1765//1862
f 1765//1862 1758//1899 1754//1848
f 1765//1862 1754//1848 1762//1865
f 1755//1853 1768//1871 1770//1875
f 1755//1853 1770//1875 1759//1854
f 1759//1847 1770//1868 1767//1867
f 1759//1847 1767//1867 1753//1844
f 1776//1888 1761//1861 1763//1864
f 1776//1888 1763//1864 1780//1889
f 1780//1883 1763//1858 1760//1857
f 1780//1883 1760//1857 1774//1880
f 1775//1884 1769//1876 1772//1900
f 1775//1884 1772//1900 1779//1885
f 1779//1885 1772//1901 1768//1871
f 1779//1885 1768//1871 1776//1888
f 1769//1876 1698//1756 1700//1760
f 1769//1876 1700//1760 1773//1877
f 1773//1870 1700//1753 1697//1752
f 1773//1870 1697//1752 1767//1867
f 1706//1773 1775//1884 1777//1887
f 1706//1773 1777//1887 1710//1774
f 1710//1768 1777//1881 1774//1880
f 1710//1768 1774//1880 1704//1765
f 1767//1867 1697//1752 1711//1775
f 1711//1775 1725//1798 1739//1821
f 1739//1821 1753//1844 1767//1867
f 1711//1775 1739//1821 1767//1867
f 1699//1761 1705//1769 1720//1796
f 1699//1761 1720//1796 1712//1779
f 1769//1876 1775//1884 1706//1773
f 1769//1876 1706//1773 1698//1756
f 1732//1811 1718//1788 1704//1765
f 1704//1765 1774//1880 1760//1857
f 1760//1857 1746//1834 1732//1811
f 1704//1765 1760//1857 1732//1811
f 1713//1784 1719//1792 1734//1819
f 1713//1784 1734//1819 1726//1802
f 1727//1807 1733//1815 1748//1842
f 1727//1807 1748//1842 1740//1825
f 1741//1830 1747//1838 1762//1865
f 1741//1830 1762//1865 1754//1848
f 1755//1853 1761//1861 1776//1888
f 1755//1853 1776//1888 1768//1871
f 1782//1242 1788//1243 1789//1244
f 1782//1242 1789//1244 1783//1245
f 1783//1246 1789//1247 1787//1248
f 1783//1246 1787//1248 1781//1249
f 1791//1250 1785//1251 1786//1252
f 1791//1250 1786//1252 1792//1253
f 1792//1254 1786//1255 1784//1256
f 1792//1254 1784//1256 1790//1257
f 1788//1243 1794//1258 1795//1585
f 1788//1243 1795//1585 1789//1244
f 1789//1247 1795//1260 1793//1261
f 1789//1247 1793//1261 1787//1248
f 1797//1262 1791//1250 1792//1253
f 1797//1262 1792//1253 1798//1263
f 1798//1264 1792//1254 1790//1257
f 1798//1264 1790//1257 1796//1265
f 1794//1258 1800//1266 1801//1267
f 1794//1258 1801//1267 1795//1585
f 1795//1260 1801//1586 1799//1269
f 1795//1260 1799//1269 1793//1261
f 1803//1270 1797//1262 1798//1263
f 1803//1270 1798//1263 1804//1271
f 1804//1587 1798//1264 1796//1265
f 1804//1587 1796//1265 1802//1273
f 1800//1266 1806//1274 1807//1275
f 1800//1266 1807//1275 1801//1267
f 1801//1586 1807//1276 1805//1277
f 1801//1586 1805//1277 1799//1269
f 1809//1278 1803//1270 1804//1271
f 1809//1278 1804//1271 1810//1588
f 1810//1280 1804//1587 1802//1273
f 1810//1280 1802//1273 1808//1281
f 1806//1274 1812//1282 1813//1283
f 1806//1274 1813//1283 1807//1275
f 1807//1276 1813//1902 1811//1285
f 1807//1276 1811//1285 1805//1277
f 1815//1286 1809//1278 1810//1588
f 1815//1286 1810//1588 1816//1287
f 1816//1288 1810//1280 1808//1281
f 1816//1288 1808//1281 1814//1289
f 1812//1282 1818//1290 1819//1291
f 1812//1282 1819//1291 1813//1283
f 1813//1902 1819//1292 1817//1293
f 1813//1902 1817//1293 1811//1285
f 1821//1294 1815//1286 1816//1287
f 1821//1294 1816//1287 1822//1295
f 1822//1296 1816//1288 1814//1289
f 1822//1296 1814//1289 1820//1297
f 1818//1290 1824//1298 1825//1299
f 1818//1290 1825//1299 1819//1291
f 1819//1292 1825//1300 1823//1301
f 1819//1292 1823//1301 1817//1293
f 1827//1302 1821//1294 1822//1295
f 1827//1302 1822//1295 1828//1303
f 1828//1589 1822//1296 1820//1297
f 1828//1589 1820//1297 1826//1305
f 1824//1298 1830//1306 1831//1903
f 1824//1298 1831//1903 1825//1299
f 1825//1300 1831//1308 1829//1309
f 1825//1300 1829//1309 1823//1301
f 1833//1310 1827//1302 1828//1303
f 1833//1310 1828//1303 1834//1311
f 1834//1312 1828//1589 1826//1305
f 1834//1312 1826//1305 1832//1313
f 1830//1306 1836//1314 1837//1315
f 1830//1306 1837//1315 1831//1903
f 1831//1308 1837//1904 1835//1317
f 1831//1308 1835//1317 1829//1309
f 1839//1318 1833//1310 1834//1311
f 1839//1318 1834//1311 1840//1319
f 1840//1905 1834//1312 1832//1313
f 1840//1905 1832//1313 1838//1321
f 1836//1314 1842//1322 1843//1323
f 1836//1314 1843//1323 1837//1315
f 1837//1904 1843//1324 1841//1325
f 1837//1904 1841//1325 1835//1317
f 1845//1326 1839//1318 1840//1319
f 1845//1326 1840//1319 1846//1906
f 1846//1328 1840//1905 1838//1321
f 1846//1328 1838//1321 1844//1329
f 1842//1322 1848//1330 1849//1331
f 1842//1322 1849//1331 1843//1323
f 1843//1324 1849//1332 1847//1333
f 1843//1324 1847//1333 1841//1325
f 1851//1334 1845//1326 1846//1906
f 1851//1334 1846//1906 1852//1335
f 1852//1336 1846//1328 1844//1329
f 1852//1336 1844//1329 1850//1337
f 1848//1330 1854//1338 1855//1339
f 1848//1330 1855//1339 1849//1331
f 1849//1332 1855//1340 1853//1341
f 1849//1332 1853//1341 1847//1333
f 1857//1342 1851//1334 1852//1335
f 1857//1342 1852//1335 1858//1343
f 1858//1344 1852//1336 1850//1337
f 1858//1344 1850//1337 1856//1345
f 1854//1338 1860//1346 1861//1347
f 1854//1338 1861//1347 1855//1339
f 1855//1340 1861//1348 1859//1349
f 1855//1340 1859//1349 1853//1341
f 1863//1350 1857//1342 1858//1343
f 1863//1350 1858//1343 1864//1351
f 1864//1907 1858//1344 1856//1345
f 1864//1907 1856//1345 1862//1353
f 1860//1346 1866//1354 1867//1355
f 1860//1346 1867//1355 1861//1347
f 1861//1348 1867//1356 1865//1357
f 1861//1348 1865//1357 1859//1349
f 1869//1358 1863//1350 1864//1351
f 1869//1358 1864//1351 1870//1359
f 1870//1360 1864//1907 1862//1353
f 1870//1360 1862//1353 1868//1361
f 1866//1354 1872//1362 1873//1363
f 1866//1354 1873//1363 1867//1355
f 1867//1356 1873//1364 1871//1365
f 1867//1356 1871//1365 1865//1357
f 1875//1366 1869//1358 1870//1359
f 1875//1366 1870//1359 1876//1367
f 1876//1368 1870//1360 1868//1361
f 1876//1368 1868//1361 1874//1369
f 1872//1362 1878//1370 1879//1371
f 1872//1362 1879//1371 1873//1363
f 1873//1364 1879//1372 1877//1373
f 1873//1364 1877//1373 1871//1365
f 1881//1374 1875//1366 1876//1367
f 1881//1374 1876//1367 1882//1375
f 1882//1376 1876//1368 1874//1369
f 1882//1376 1874//1369 1880//1377
f 1878//1370 1884//1378 1885//1379
f 1878//1370 1885//1379 1879//1371
f 1879//1372 1885//1380 1883//1381
f 1879//1372 1883//1381 1877//1373
f 1887//1382 1881//1374 1882//1375
f 1887//1382 1882//1375 1888//1383
f 1888//1384 1882//1376 1880//1377
f 1888//1384 1880//1377 1886//1385
f 1884//1378 1890//1386 1891//1387
f 1884//1378 1891//1387 1885//1379
f 1885//1380 1891//1388 1889//1389
f 1885//1380 1889//1389 1883//1381
f 1893//1390 1887//1382 1888//1383
f 1893//1390 1888//1383 1894//1391
f 1894//1392 1888//1384 1886//1385
f 1894//1392 1886//1385 1892//1393
f 1890//1386 1896//1394 1897//1395
f 1890//1386 1897//1395 1891//1387
f 1891//1388 1897//1396 1895//1397
f 1891//1388 1895//1397 1889//1389
f 1899//1398 1893//1390 1894//1391
f 1899//1398 1894//1391 1900//1399
f 1900//1400 1894//1392 1892//1393
f 1900//1400 1892//1393 1898//1401
f 1896//1394 1902//1402 1903//1403
f 1896//1394 1903//1403 1897//1395
f 1897//1396 1903//1404 1901//1405
f 1897//1396 1901//1405 1895//1397
f 1905//1406 1899//1398 1900//1399
f 1905//1406 1900//1399 1906//1407
f 1906//1408 1900//1400 1898//1401
f 1906//1408 1898//1401 1904//1409
f 1902//1402 1908//1410 1909//1411
f 1902//1402 1909//1411 1903//1403
f 1903//1404 1909//1412 1907//1413
f 1903//1404 1907//1413 1901//1405
f 1911//1414 1905//1406 1906//1407
f 1911//1414 1906//1407 1912//1415
f 1912//1416 1906//1408 1904//1409
f 1912//1416 1904//1409 1910//1417
f 1908//1410 1914//1418 1915//1419
f 1908//1410 1915//1419 1909//1411
f 1909//1412 1915//1420 1913//1421
f 1909//1412 1913//1421 1907//1413
f 1917//1422 1911//1414 1912//1415
f 1917//1422 1912//1415 1918//1423
f 1918//1424 1912//1416 1910//1417
f 1918//1424 1910//1417 1916//1425
f 1914//1418 1920//1426 1921//1427
f 1914//1418 1921//1427 1915//1419
f 1915//1420 1921//1595 1919//1429
f 1915//1420 1919//1429 1913//1421
f 1923//1430 1917//1422 1918//1423
f 1923//1430 1918//1423 1924//1431
f 1924//1432 1918//1424 1916//1425
f 1924//1432 1916//1425 1922//1433
f 1920//1426 1782//1242 1783//1245
f 1920//1426 1783//1245 1921//1427
f 1921//1595 1783//1246 1781//1249
f 1921//1595 1781//1249 1919//1429
f 1785//1251 1923//1430 1924//1431
f 1785//1251 1924//1431 1786//1252
f 1786//1255 1924//1432 1922//1433
f 1786//1255 1922//1433 1784//1256
f 1919//1429 1781//1249 1787//1248
f 1787//1248 1793//1261 1799//1269
f 1799//1269 1805//1277 1811//1285
f 1811//1285 1817//1293 1823//1301
f 1823//1301 1829//1309 1835//1317
f 1835//1317 1841//1325 1847//1333
f 1847//1333 1853//1341 1859//1349
f 1859//1349 1865//1357 1871//1365
f 1871//1365 1877//1373 1883//1381
f 1883//1381 1889//1389 1895//1397
f 1895//1397 1901//1405 1907//1413
f 1907//1413 1913//1421 1919//1429
f 1919//1429 1787//1248 1799//1269
f 1799//1269 1811//1285 1823//1301
f 1823//1301 1835//1317 1847//1333
f 1847//1333 1859//1349 1871//1365
f 1871//1365 1883//1381 1895//1397
f 1895//1397 1907//1413 1919//1429
f 1919//1429 1799//1269 1823//1301
f 1823//1301 1847//1333 1871//1365
f 1871//1365 1895//1397 1919//1429
f 1823//1301 1871//1365 1919//1429
f 1782//1242 1785//1251 1791//1250
f 1782//1242 1791//1250 1788//1243
f 1920//1426 1923//1430 1785//1251
f 1920//1426 1785//1251 1782//1242
f 1796//1265 1790//1257 1784//1256
f 1784//1256 1922//1433 1916//1425
f 1916//1425 1910//1417 1904//1409
f 1904//1409 1898//1401 1892//1393
f 1892//1393 1886//1385 1880//1377
f 1880//1377 1874//1369 1868//1361
f 1868//1361 1862//1353 1856//1345
f 1856//1345 1850//1337 1844//1329
f 1844//1329 1838//1321 1832//1313
f 1832//1313 1826//1305 1820//1297
f 1820//1297 1814//1289 1808//1281
f 1808//1281 1802//1273 1796//1265
f 1796//1265 1784//1256 1916//1425
f 1916//1425 1904//1409 1892//1393
f 1892//1393 1880//1377 1868//1361
f 1868//1361 1856//1345 1844//1329
f 1844//1329 1832//1313 1820//1297
f 1820//1297 1808//1281 1796//1265
f 1796//1265 1916//1425 1892//1393
f 1892//1393 1868//1361 1844//1329
f 1844//1329 1820//1297 1796//1265
f 1892//1393 1844//1329 1796//1265
f 1788//1243 1791//1250 1797//1262
f 1788//1243 1797//1262 1794//1258
f 1794//1258 1797//1262 1803//1270
f 1794//1258 1803//1270 1800//1266
f 1800//1266 1803//1270 1809//1278
f 1800//1266 1809//1278 1806//1274
f 1806//1274 1809//1278 1815//1286
f 1806//1274 1815//1286 1812//1282
f 1812//1282 1815//1286 1821//1294
f 1812//1282 1821//1294 1818//1290
f 1818//1290 1821//1294 1827//1302
f 1818//1290 1827//1302 1824//1298
f 1824//1298 1827//1302 1833//1310
f 1824//1298 1833//1310 1830//1306
f 1830//1306 1833//1310 1839//1318
f 1830//1306 1839//1318 1836//1314
f 1836//1314 1839//1318 1845//1326
f 1836//1314 1845//1326 1842//1322
f 1842//1322 1845//1326 1851//1334
f 1842//1322 1851//1334 1848//1330
f 1848//1330 1851//1334 1857//1342
f 1848//1330 1857//1342 1854//1338
f 1854//1338 1857//1342 1863//1350
f 1854//1338 1863//1350 1860//1346
f 1860//1346 1863//1350 1869//1358
f 1860//1346 1869//1358 1866//1354
f 1866//1354 1869//1358 1875//1366
f 1866//1354 1875//1366 1872//1362
f 1872//1362 1875//1366 1881//1374
f 1872//1362 1881//1374 1878//1370
f 1878//1370 1881//1374 1887//1382
f 1878//1370 1887//1382 1884//1378
f 1884//1378 1887//1382 1893//1390
f 1884//1378 1893//1390 1890//1386
f 1890//1386 1893//1390 1899//1398
f 1890//1386 1899//1398 1896//1394
f 1896//1394 1899//1398 1905//1406
f 1896//1394 1905//1406 1902//1402
f 1902//1402 1905//1406 1911//1414
f 1902//1402 1911//1414 1908//1410
f 1908//1410 1911//1414 1917//1422
f 1908//1410 1917//1422 1914//1418
f 1914//1418 1917//1422 1923//1430
f 1914//1418 1923//1430 1920//1426
f 1925//1908 1928//1909 1929//1910
f 1925//1908 1929//1910 1931//1911
f 1926//1912 1930//1913 1929//1914
f 1926//1915 1929//1914 1928//1916
f 1927//1917 1931//1918 1929//1919
f 1927//1917 1929//1919 1930//1920
f 1932//1921 1935//1922 1936//1923
f 1932//1924 1936//1923 1938//1925
f 1933//1926 1937//1927 1936//1928
f 1933//1926 1936//1928 1935//1929
f 1934//1930 1938//1931 1936//1932
f 1934//1930 1936//1932 1937//1933
f 1939//1934 1942//1935 1943//1936
f 1939//1934 1943//1936 1945//1937
f 1940//1938 1944//1939 1943//1940
f 1940//1938 1943//1940 1942//1941
f 1941//1942 1945//1943 1943//1944
f 1941//1945 1943//1944 1944//1946
f 1946//1947 1949//1948 1950//1949
f 1946//1947 1950//1949 1952//1950
f 1947//1951 1951//1952 1950//1953
f 1947//1954 1950//1953 1949//1955
f 1948//1956 1952//1957 1950//1958
f 1948//1956 1950//1958 1951//1959
f 1953//1960 1956//1961 1957//1962
f 1953//1960 1957//1962 1959//1963
f 1954//1964 1958//1965 1957//1966
f 1954//1964 1957//1966 1956//1967
f 1955//1968 1959//1969 1957//1970
f 1955//1971 1957//1970 1958//1972
f 1960//1973 1963//1974 1964//1975
f 1960//1973 1964//1975 1966//1976
f 1961//1977 1965//1978 1964//1979
f 1961//1980 1964//1979 1963//1981
f 1962//1982 1966//1983 1964//1984
f 1962//1982 1964//1984 1965//1985
f 1967//1986 1970//1987 1971//1988
f 1967//1986 1971//1988 1973//1989
f 1968//1990 1972//1991 1971//1992
f 1968//1993 1971//1992 1970//1994
f 1969//1995 1973//1996 1971//1997
f 1969//1995 1971//1997 1972//1998
f 1974//1999 1977//2000 1978//2001
f 1974//1999 1978//2001 1980//2002
f 1975//2003 1979//2004 1978//2005
f 1975//2003 1978//2005 1977//2006
f 1976//2007 1980//2008 1978//2009
f 1976//2010 1978//2009 1979//2011
f 1939//1934 1925//1908 1931//1911
f 1939//1934 1931//1911 1942//1935
f 1942//1941 1931//1918 1927//1917
f 1942//1941 1927//1917 1940//1938
f 1926//2012 1932//2013 1938//1925
f 1926//2012 1938//1925 1930//1913
f 1930//1920 1938//1931 1934//1930
f 1930//1920 1934//1930 1927//1917
f 1933//1926 1946//1947 1952//1950
f 1933//1926 1952//1950 1937//1927
f 1937//1933 1952//1957 1948//1956
f 1937//1933 1948//1956 1934//1930
f 1947//2014 1941//2015 1944//1946
f 1947//2014 1944//1946 1951//1952
f 1951//1959 1944//1939 1940//1938
f 1951//1959 1940//1938 1948//1956
f 1967//1986 1939//1934 1945//1937
f 1967//1986 1945//1937 1970//1987
f 1970//1994 1945//1943 1941//1942
f 1970//1994 1941//1942 1968//1993
f 1946//1947 1974//1999 1980//2002
f 1946//1947 1980//2002 1949//1948
f 1949//1955 1980//2008 1976//2007
f 1949//1955 1976//2007 1947//1954
f 1975//2003 1969//1995 1972//1998
f 1975//2003 1972//1998 1979//2004
f 1979//2011 1972//1991 1968//2016
f 1979//2011 1968//2016 1976//2017
f 1953//1960 1967//1986 1973//1989
f 1953//1960 1973//1989 1956//1961
f 1956//1967 1973//1996 1969//1995
f 1956//1967 1969//1995 1954//1964
f 1974//1999 1960//1973 1966//1976
f 1974//1999 1966//1976 1977//2000
f 1977//2006 1966//1983 1962//1982
f 1977//2006 1962//1982 1975//2003
f 1961//2018 1955//2019 1958//1972
f 1961//2018 1958//1972 1965//1978
f 1965//1985 1958//1965 1954//1964
f 1965//1985 1954//1964 1962//1982
f 1925//1908 1953//1960 1959//1963
f 1925//1908 1959//1963 1928//1909
f 1928//1916 1959//1969 1955//1968
f 1928//1916 1955//1968 1926//1915
f 1960//1973 1933//1926 1935//1929
f 1960//1973 1935//1929 1963//1974
f 1963//1981 1935//1922 1932//1921
f 1963//1981 1932//1921 1961//1980
f 1939//1934 1967//1986 1953//1960
f 1939//1934 1953//1960 1925//1908
f 1927//1917 1934//1930 1948//1956
f 1927//1917 1948//1956 1940//1938
f 1955//2020 1961//2021 1932//2022
f 1955//2020 1932//2022 1926//2023
f 1974//1999 1946//1947 1933//1926
f 1974//1999 1933//1926 1960//1973
f 1941//2024 1947//2025 1976//2026
f 1941//2024 1976//2026 1968//2027
f 1969//1995 1975//2003 1962//1982
f 1969//1995 1962//1982 1954//1964
